final_date,division_name,precip_total_inches,temp_average_F,available_moisture_in_both_layers_start_in,moisture_anomaly_index,available_moisture_surface_layer_in,available_moisture_underlying_layer_in,modified_palmer_drought_index,crop_moisture_index
1997-03-01,south_central,0.3,61.0,7.17,-0.23,0.94,6.17,0.88,0.02
1997-03-08,south_central,1.6,66.0,7.11,0.99,1.0,7.0,1.43,1.05
1997-03-15,south_central,1.7,62.0,8.0,1.31,1.0,7.0,1.84,1.86
1997-03-22,south_central,0.3,68.0,8.0,-0.29,0.66,7.0,1.55,1.01
1997-03-29,south_central,3.4,66.0,7.66,3.11,1.0,7.0,2.7,3.37
1997-04-05,south_central,0.4,64.0,8.0,-0.01,0.9,7.0,2.61,1.79
1997-04-12,south_central,0.2,59.0,7.9,-0.1,0.77,7.0,2.45,0.98
1997-04-19,south_central,1.5,70.0,7.77,0.86,1.0,7.0,2.75,1.27
1997-04-26,south_central,0.3,69.0,8.0,-0.25,0.56,7.0,2.48,0.79
1997-05-03,south_central,1.3,71.0,7.56,0.49,1.0,7.0,2.7,0.77
1997-05-10,south_central,1.2,72.0,8.0,0.36,1.0,7.0,2.75,0.65
1997-05-17,south_central,1.8,75.0,8.0,0.7,1.0,7.0,2.91,1.14
1997-05-24,south_central,0.9,79.0,8.0,-0.04,0.53,7.0,2.79,0.76
1997-05-31,south_central,2.2,77.0,7.53,0.96,1.0,7.0,3.07,1.6
1997-06-07,south_central,1.3,80.0,8.0,0.32,0.81,7.0,3.1,1.32
1997-06-14,south_central,1.8,82.0,7.81,0.73,1.0,7.0,3.27,1.35
1997-06-21,south_central,1.9,80.0,8.0,0.94,1.0,7.0,3.5,1.79
1997-06-28,south_central,0.0,83.0,8.0,-0.38,0.0,6.46,3.12,1.39
1997-07-05,south_central,0.0,84.0,6.46,-0.4,0.0,5.12,2.74,0.93
1997-07-12,south_central,0.0,84.0,5.12,-0.43,0.0,4.07,2.34,0.38
1997-07-19,south_central,0.1,85.0,4.07,-0.37,0.0,3.27,1.98,0.02
1997-07-26,south_central,0.5,85.0,3.27,-0.04,0.0,2.8,1.88,0.0
1997-08-02,south_central,0.9,85.0,2.8,0.35,0.0,2.54,2.05,0.22
1997-08-09,south_central,0.0,86.0,2.54,-0.41,0.0,2.02,1.68,-0.3
1997-08-16,south_central,0.2,87.0,2.02,-0.28,0.0,1.65,1.41,-0.76
1997-08-23,south_central,0.1,82.0,1.65,-0.38,0.0,1.37,1.08,-1.32
1997-08-30,south_central,0.4,83.0,1.37,-0.19,0.0,1.19,0.89,-1.27
1997-09-06,south_central,0.2,84.0,1.19,-0.5,0.0,1.0,0.49,-1.87
1997-09-13,south_central,0.2,85.0,1.0,-0.61,0.0,0.83,0.01,-2.5
1997-09-20,south_central,2.2,77.0,0.83,1.3,1.0,0.95,0.88,-0.65
1997-09-27,south_central,0.1,78.0,1.95,-0.41,0.0,0.95,0.56,0.02
1997-10-04,south_central,5.3,77.0,0.95,3.58,1.0,4.2,2.88,1.9
1997-10-11,south_central,2.2,66.0,5.2,1.44,1.0,5.88,3.29,2.65
1997-10-18,south_central,0.0,71.0,6.88,-0.36,0.28,5.88,2.93,1.76
1997-10-25,south_central,0.1,65.0,6.16,-0.22,0.0,5.81,2.67,1.11
1997-11-01,south_central,0.1,62.0,5.81,-0.2,0.0,5.62,2.44,0.41
1997-11-08,south_central,2.4,54.0,5.62,1.86,1.0,6.85,3.34,2.24
1997-11-15,south_central,0.2,50.0,7.85,0.04,1.0,6.95,3.27,1.35
1997-11-22,south_central,0.5,64.0,7.95,0.12,1.0,7.0,3.23,0.91
1997-11-29,south_central,0.4,54.0,8.0,0.17,1.0,7.0,3.21,0.58
1997-12-06,south_central,0.2,51.0,8.0,0.0,1.0,7.0,3.11,0.25
1997-12-13,south_central,0.5,53.0,8.0,0.24,1.0,7.0,3.13,0.47
1997-12-20,south_central,1.3,52.0,8.0,1.02,1.0,7.0,3.39,1.26
1997-12-27,south_central,0.1,54.0,8.0,-0.2,0.94,7.0,3.14,0.65
1998-01-03,south_central,1.2,60.0,7.94,0.76,1.0,7.0,3.41,1.06
1998-01-10,south_central,0.1,57.0,8.0,-0.26,0.88,7.0,3.12,0.55
1998-01-17,south_central,0.2,56.0,7.88,-0.15,0.87,7.0,2.91,0.05
1998-01-24,south_central,0.4,58.0,7.87,0.0,1.0,7.0,2.82,0.19
1998-01-31,south_central,0.9,54.0,8.0,0.55,1.0,7.0,3.14,0.77
1998-02-07,south_central,1.2,57.0,8.0,0.77,1.0,7.0,3.31,1.22
1998-02-14,south_central,1.5,56.0,8.0,1.07,1.0,7.0,3.59,1.9
1998-02-21,south_central,1.2,61.0,8.0,0.67,1.0,7.0,3.72,1.8
1998-03-01,south_central,0.0,59.0,8.0,-0.45,0.7,7.0,3.29,0.92
1998-03-08,south_central,0.8,50.0,7.7,0.53,1.0,7.0,3.57,1.09
1998-03-15,south_central,1.3,61.0,8.0,0.91,1.0,7.0,3.78,1.51
1998-03-22,south_central,0.0,67.0,8.0,-0.59,0.4,7.0,3.25,0.82
1998-03-29,south_central,0.1,68.0,7.4,-0.48,0.0,6.87,2.8,0.33
1998-04-05,south_central,0.1,67.0,6.87,-0.43,0.0,6.43,2.39,0.03
1998-04-12,south_central,0.3,71.0,6.43,-0.35,0.0,6.01,2.05,-0.04
1998-04-19,south_central,0.1,66.0,6.01,-0.41,0.0,5.64,1.68,-0.16
1998-04-26,south_central,0.2,70.0,5.64,-0.45,0.0,5.23,1.29,-0.31
1998-05-03,south_central,0.0,79.0,5.23,-0.94,0.0,4.36,0.56,-0.86
1998-05-10,south_central,0.0,78.0,4.36,-0.9,0.0,3.66,-0.13,-1.47
1998-05-17,south_central,0.0,80.0,3.66,-0.98,0.0,2.99,-0.84,-2.23
1998-05-24,south_central,0.3,82.0,2.99,-0.8,0.0,2.52,-1.4,-2.68
1998-05-31,south_central,0.4,85.0,2.52,-0.76,0.0,2.11,-1.91,-3.09
1998-06-07,south_central,0.3,84.0,2.11,-0.78,0.0,1.76,-2.34,-3.55
1998-06-14,south_central,0.1,88.0,1.76,-0.97,0.0,1.38,-2.61,-4.39
1998-06-21,south_central,0.0,87.0,1.38,-1.01,0.0,1.08,-2.88,-5.17
1998-06-28,south_central,1.3,86.0,1.08,-0.01,0.0,1.02,-2.81,-3.42
1998-07-05,south_central,0.1,87.0,1.02,-0.87,0.0,0.81,-3.03,-4.37
1998-07-12,south_central,0.2,88.0,0.81,-0.77,0.0,0.65,-3.21,-4.83
1998-07-19,south_central,0.0,88.0,0.65,-0.88,0.0,0.51,-3.42,-5.49
1998-07-26,south_central,0.0,88.0,0.51,-0.83,0.0,0.4,-3.61,-5.86
1998-08-02,south_central,1.3,86.0,0.4,0.36,0.0,0.38,-3.24,-2.94
1998-08-09,south_central,0.6,86.0,0.38,-0.16,0.0,0.33,-3.26,-2.42
1998-08-16,south_central,2.4,83.0,0.33,1.62,0.88,0.33,-1.99,0.13
1998-08-23,south_central,1.7,84.0,1.21,1.53,1.0,0.37,-0.82,0.42
1998-08-30,south_central,0.2,84.0,1.37,0.07,0.0,0.36,-0.72,0.31
1998-09-06,south_central,3.6,80.0,0.36,2.8,1.0,1.62,1.32,1.06
1998-09-13,south_central,2.4,80.0,2.62,1.94,1.0,2.7,2.59,1.83
1998-09-20,south_central,0.2,83.0,3.7,-0.3,0.0,2.63,2.28,1.26
1998-09-27,south_central,0.2,83.0,2.63,-0.6,0.0,2.24,1.75,0.4
1998-10-04,south_central,2.5,73.0,2.24,1.5,1.0,2.9,2.61,1.17
1998-10-11,south_central,2.2,75.0,3.9,1.27,1.0,4.18,2.96,1.68
1998-10-18,south_central,8.2,66.0,5.18,6.11,1.0,7.0,4.92,8.57
1998-10-25,south_central,0.2,73.0,8.0,-0.24,0.4,7.0,4.62,4.97
1998-11-01,south_central,1.5,62.0,7.4,0.99,1.0,7.0,4.93,3.97
1998-11-08,south_central,3.3,62.0,8.0,2.58,1.0,7.0,5.67,5.26
1998-11-15,south_central,0.4,65.0,8.0,0.04,0.95,7.0,5.54,2.92
1998-11-22,south_central,0.0,68.0,7.95,-0.43,0.4,7.0,5.08,1.68
1998-11-29,south_central,0.1,72.0,7.4,-0.53,0.0,6.83,4.57,0.97
1998-12-06,south_central,1.5,56.0,6.83,1.15,1.0,7.0,5.21,1.57
1998-12-13,south_central,0.0,53.0,8.0,-0.25,0.85,7.0,4.89,0.86
1998-12-20,south_central,0.1,45.0,7.85,-0.09,0.91,7.0,4.69,0.34
1998-12-27,south_central,0.5,56.0,7.91,0.16,1.0,7.0,4.67,0.42
1999-01-03,south_central,0.0,51.0,8.0,-0.26,0.89,7.0,4.35,0.09
1999-01-10,south_central,0.1,52.0,7.89,-0.18,0.85,7.0,4.09,0.07
1999-01-17,south_central,0.0,64.0,7.85,-0.52,0.44,7.0,3.6,0.07
1999-01-24,south_central,0.2,63.0,7.44,-0.32,0.26,7.0,3.26,0.06
1999-01-31,south_central,0.0,62.0,7.26,-0.51,0.0,6.91,2.79,0.03
1999-02-07,south_central,0.2,66.0,6.91,-0.46,0.0,6.65,2.37,-0.05
1999-02-14,south_central,0.3,60.0,6.65,-0.24,0.0,6.64,2.11,-0.03
1999-02-21,south_central,0.0,62.0,6.64,-0.59,0.0,6.32,1.62,-0.14
1999-03-01,south_central,0.0,65.0,6.32,-0.7,0.0,5.93,1.06,-0.27
1999-03-08,south_central,0.8,68.0,5.93,0.02,0.19,5.93,1.01,-0.01
1999-03-15,south_central,1.0,60.0,6.12,0.55,0.84,5.93,1.32,0.46
1999-03-22,south_central,0.4,64.0,6.78,-0.1,0.77,5.93,1.19,0.03
1999-03-29,south_central,1.2,66.0,6.7,0.75,1.0,6.34,1.63,0.62
1999-04-05,south_central,0.1,74.0,7.34,-0.64,0.14,6.34,1.13,0.22
1999-04-12,south_central,0.2,69.0,6.48,-0.38,0.0,6.04,0.81,0.08
1999-04-19,south_central,0.0,73.0,6.04,-0.73,0.0,5.34,0.27,-0.21
1999-04-26,south_central,0.8,75.0,5.34,-0.1,0.0,5.17,0.17,-0.13
1999-05-03,south_central,0.1,75.0,5.17,-0.71,0.0,4.54,-0.33,-0.57
1999-05-10,south_central,1.6,76.0,4.54,0.41,0.45,4.54,-0.09,0.07
1999-05-17,south_central,0.8,78.0,4.99,-0.23,0.0,4.52,-0.26,0.03
1999-05-24,south_central,1.0,79.0,4.52,-0.14,0.0,4.31,-0.37,0.0
1999-05-31,south_central,0.2,82.0,4.31,-0.75,0.0,3.57,-0.87,-0.85
1999-06-07,south_central,0.3,82.0,3.57,-0.67,0.0,3.0,-1.29,-1.51
1999-06-14,south_central,1.3,81.0,3.0,0.09,0.0,2.91,-1.22,-0.79
1999-06-21,south_central,3.1,81.0,2.91,1.45,1.0,3.47,-0.32,0.75
1999-06-28,south_central,0.1,84.0,4.47,-0.47,0.0,3.23,-0.62,0.29
1999-07-05,south_central,0.9,82.0,3.23,0.0,0.0,2.95,-0.63,0.04
1999-07-12,south_central,0.7,82.0,2.95,-0.1,0.0,2.63,-0.69,-0.12
1999-07-19,south_central,0.9,82.0,2.63,0.12,0.0,2.42,-0.62,0.03
1999-07-26,south_central,0.0,85.0,2.42,-0.57,0.0,1.92,-0.97,-1.1
1999-08-02,south_central,0.1,86.0,1.92,-0.48,0.0,1.54,-1.24,-1.83
1999-08-09,south_central,0.0,87.0,1.54,-0.57,0.0,1.22,-1.55,-2.56
1999-08-16,south_central,0.2,87.0,1.22,-0.39,0.0,1.0,-1.67,-2.68
1999-08-23,south_central,1.6,85.0,1.0,0.96,0.03,1.0,-0.83,0.05
1999-08-30,south_central,0.2,85.0,1.03,-0.42,0.0,0.83,-1.12,-0.66
1999-09-06,south_central,0.5,84.0,0.83,-0.22,0.0,0.73,-1.24,-0.91
1999-09-13,south_central,0.1,80.0,0.73,-0.61,0.0,0.62,-1.62,-1.92
1999-09-20,south_central,0.0,76.0,0.62,-0.63,0.0,0.54,-1.79,-2.6
1999-09-27,south_central,0.7,75.0,0.54,-0.03,0.0,0.52,-1.76,-1.62
1999-10-04,south_central,0.0,76.0,0.52,-0.68,0.0,0.46,-1.94,-2.47
1999-10-11,south_central,0.1,78.0,0.46,-0.68,0.0,0.4,-2.12,-3.01
1999-10-18,south_central,0.9,62.0,0.4,0.33,0.52,0.4,-1.79,-1.77
1999-10-25,south_central,0.1,68.0,0.92,-0.33,0.04,0.4,-2.01,-0.91
1999-11-01,south_central,0.1,63.0,0.44,-0.33,0.0,0.39,-2.07,-0.92
1999-11-08,south_central,0.0,67.0,0.39,-0.54,0.0,0.36,-2.2,-1.41
1999-11-15,south_central,0.0,67.0,0.36,-0.58,0.0,0.34,-2.34,-1.75
1999-11-22,south_central,0.3,62.0,0.34,-0.25,0.0,0.34,-2.36,-1.18
1999-11-29,south_central,0.0,65.0,0.34,-0.67,0.0,0.32,-2.52,-1.51
1999-12-06,south_central,0.1,56.0,0.32,-0.43,0.0,0.32,-2.61,-1.17
1999-12-13,south_central,0.2,53.0,0.32,-0.34,0.05,0.32,-2.65,-0.77
1999-12-20,south_central,0.3,50.0,0.37,-0.24,0.26,0.32,-2.67,-0.5
1999-12-27,south_central,0.0,59.0,0.58,-0.69,0.0,0.32,-2.83,-0.34
2000-01-03,south_central,2.1,57.0,0.32,1.41,1.0,1.2,-1.7,0.08
2000-01-10,south_central,0.0,62.0,2.2,-0.68,0.65,1.2,-2.14,-0.12
2000-01-17,south_central,0.0,65.0,1.85,-0.75,0.21,1.2,-2.65,-0.05
2000-01-24,south_central,0.7,51.0,1.41,0.19,0.79,1.2,-2.39,0.1
2000-01-31,south_central,0.6,48.0,1.99,0.13,1.0,1.51,-2.21,0.13
2000-02-07,south_central,0.0,62.0,2.51,-0.7,0.63,1.51,-2.59,-0.01
2000-02-14,south_central,0.0,69.0,2.14,-0.96,0.01,1.51,-2.84,0.0
2000-02-21,south_central,0.9,67.0,1.52,-0.12,0.36,1.51,-2.81,0.07
2000-03-01,south_central,0.0,66.0,1.87,-0.92,0.0,1.48,-3.05,-0.23
2000-03-08,south_central,0.2,69.0,1.48,-0.86,0.0,1.39,-3.26,-0.8
2000-03-15,south_central,2.2,60.0,1.39,1.6,1.0,2.26,-1.99,0.03
2000-03-22,south_central,0.2,69.0,3.26,-0.55,0.52,2.26,-2.31,-0.24
2000-03-29,south_central,0.1,73.0,2.78,-0.79,0.0,2.19,-2.8,-0.43
2000-04-05,south_central,0.9,65.0,2.19,0.33,0.37,2.19,-2.47,-0.1
2000-04-12,south_central,0.9,66.0,2.55,0.38,0.69,2.19,-2.11,0.06
2000-04-19,south_central,0.0,74.0,2.87,-0.78,0.0,2.1,-2.6,-0.28
2000-04-26,south_central,0.0,75.0,2.1,-0.96,0.0,1.83,-3.02,-1.48
2000-05-03,south_central,2.8,75.0,1.83,1.39,1.0,2.56,-1.9,-0.24
2000-05-10,south_central,0.9,80.0,3.56,-0.25,0.46,2.56,-2.01,-0.24
2000-05-17,south_central,1.4,78.0,3.02,0.15,0.57,2.56,-1.83,0.04
2000-05-24,south_central,0.1,81.0,3.13,-0.86,0.0,2.29,-2.38,-0.8
2000-05-31,south_central,0.5,81.0,2.29,-0.63,0.0,2.0,-2.76,-1.59
2000-06-07,south_central,3.1,79.0,2.0,1.31,1.0,2.71,-1.71,-0.08
2000-06-14,south_central,1.1,81.0,3.71,0.11,0.56,2.71,-1.56,0.12
2000-06-21,south_central,0.4,83.0,3.27,-0.44,0.0,2.48,-1.82,-0.24
2000-06-28,south_central,0.0,84.0,2.48,-0.84,0.0,1.96,-2.36,-1.76
2000-07-05,south_central,0.0,84.0,1.96,-0.82,0.0,1.56,-2.69,-2.92
2000-07-12,south_central,0.0,86.0,1.56,-0.83,0.0,1.22,-2.9,-3.85
2000-07-19,south_central,0.0,87.0,1.22,-0.82,0.0,0.96,-3.1,-4.56
2000-07-26,south_central,0.2,86.0,0.96,-0.6,0.0,0.78,-3.23,-4.58
2000-08-02,south_central,0.5,84.0,0.78,-0.27,0.0,0.67,-3.24,-3.78
2000-08-09,south_central,0.1,86.0,0.67,-0.59,0.0,0.54,-3.35,-4.09
2000-08-16,south_central,0.2,85.0,0.54,-0.46,0.0,0.45,-3.42,-3.97
2000-08-23,south_central,0.2,85.0,0.45,-0.46,0.0,0.37,-3.49,-3.87
2000-08-30,south_central,0.0,87.0,0.37,-0.72,0.0,0.3,-3.64,-4.42
2000-09-06,south_central,0.1,88.0,0.3,-0.71,0.0,0.24,-3.79,-4.68
2000-09-13,south_central,0.9,85.0,0.24,0.02,0.0,0.22,-3.66,-3.01
2000-09-20,south_central,0.2,81.0,0.22,-0.63,0.0,0.19,-3.81,-3.41
2000-09-27,south_central,0.6,71.0,0.19,-0.01,0.0,0.19,-3.71,-2.1
2000-10-04,south_central,0.6,77.0,0.19,-0.23,0.0,0.18,-3.69,-1.72
2000-10-11,south_central,1.7,58.0,0.18,1.06,1.0,0.6,-2.83,-0.84
2000-10-18,south_central,1.1,74.0,1.6,0.37,1.0,0.84,-2.46,-0.15
2000-10-25,south_central,1.4,76.0,1.84,0.57,1.0,1.29,-1.96,0.21
2000-11-01,south_central,2.8,75.0,2.29,1.75,1.0,3.21,-0.63,1.05
2000-11-08,south_central,1.6,59.0,4.21,1.09,1.0,4.53,0.19,1.43
2000-11-15,south_central,1.7,54.0,5.53,1.29,1.0,6.06,1.14,2.1
2000-11-22,south_central,1.5,53.0,7.06,1.19,1.0,7.0,1.97,2.49
2000-11-29,south_central,0.1,60.0,8.0,-0.2,0.8,7.0,1.8,1.36
2000-12-06,south_central,0.2,49.0,7.8,0.02,0.92,7.0,1.79,0.85
2000-12-13,south_central,0.6,50.0,7.92,0.38,1.0,7.0,2.03,0.79
2000-12-20,south_central,0.0,48.0,8.0,-0.2,0.93,7.0,1.86,0.25
2000-12-27,south_central,0.9,44.0,7.93,0.7,1.0,7.0,2.25,0.93
2001-01-03,south_central,0.1,47.0,8.0,-0.12,1.0,7.0,2.09,0.45
2001-01-10,south_central,1.4,51.0,8.0,1.12,1.0,7.0,2.48,1.33
2001-01-17,south_central,1.0,45.0,8.0,0.78,1.0,7.0,2.67,1.63
2001-01-24,south_central,0.5,57.0,8.0,0.13,1.0,7.0,2.65,1.1
2001-01-31,south_central,0.5,55.0,8.0,0.15,1.0,7.0,2.63,0.87
2001-02-07,south_central,0.1,58.0,8.0,-0.3,0.84,7.0,2.33,0.37
2001-02-14,south_central,0.6,58.0,7.84,0.16,1.0,7.0,2.37,0.35
2001-02-21,south_central,0.1,60.0,8.0,-0.37,0.78,7.0,2.01,0.01
2001-02-28,south_central,0.1,31.0,7.78,-0.11,0.88,7.0,1.85,0.1
2001-03-01,south_central,0.0,46.4,4.77,-0.27,0.68,4.0,1.57,0.04
2001-03-08,south_central,1.1,61.0,8.0,0.66,1.0,7.0,2.26,0.77
2001-03-15,south_central,0.2,58.0,8.0,-0.16,0.91,7.0,1.98,0.28
2001-03-22,south_central,1.1,56.0,7.91,0.87,1.0,7.0,2.39,0.92
2001-03-29,south_central,0.0,73.0,8.0,-0.72,0.1,7.0,1.77,0.52
2001-04-05,south_central,0.1,75.0,7.1,-0.69,0.0,6.29,1.18,0.07
2001-04-12,south_central,0.1,71.0,6.29,-0.56,0.0,5.72,0.7,-0.1
2001-04-19,south_central,0.8,69.0,5.72,0.14,0.07,5.72,0.76,0.09
2001-04-26,south_central,1.0,74.0,5.79,0.11,0.06,5.72,0.8,0.14
2001-05-03,south_central,1.2,75.0,5.78,0.2,0.18,5.72,0.91,0.31
2001-05-10,south_central,0.2,77.0,5.9,-0.62,0.0,5.12,0.4,-0.05
2001-05-17,south_central,0.7,77.0,5.12,-0.27,0.0,4.78,0.16,-0.17
2001-05-24,south_central,0.4,82.0,4.78,-0.61,0.0,4.08,-0.32,-0.68
2001-05-31,south_central,0.7,82.0,4.08,-0.38,0.0,3.64,-0.61,-0.88
2001-06-07,south_central,0.5,83.0,3.64,-0.51,0.0,3.13,-0.98,-1.29
2001-06-14,south_central,0.5,81.0,3.13,-0.44,0.0,2.72,-1.26,-1.56
2001-06-21,south_central,0.6,83.0,2.72,-0.38,0.0,2.37,-1.36,-1.72
2001-06-28,south_central,0.8,82.0,2.37,-0.17,0.0,2.14,-1.38,-1.5
2001-07-05,south_central,0.0,85.0,2.14,-0.78,0.0,1.69,-1.61,-2.64
2001-07-12,south_central,0.0,87.0,1.69,-0.79,0.0,1.32,-1.83,-3.56
2001-07-19,south_central,0.1,86.0,1.32,-0.66,0.0,1.06,-2.01,-3.99
2001-07-26,south_central,0.2,86.0,1.06,-0.54,0.0,0.86,-2.14,-4.03
2001-08-02,south_central,0.2,86.0,0.86,-0.49,0.0,0.71,-2.25,-3.99
2001-08-09,south_central,0.2,87.0,0.71,-0.47,0.0,0.58,-2.35,-3.92
2001-08-16,south_central,0.1,86.0,0.58,-0.55,0.0,0.47,-2.48,-4.07
2001-08-23,south_central,7.8,80.0,0.47,7.02,1.0,5.9,2.34,2.11
2001-08-30,south_central,2.0,82.0,6.9,1.98,1.0,6.47,2.94,3.07
2001-09-06,south_central,0.9,79.0,7.47,0.76,0.66,6.47,3.12,2.93
2001-09-13,south_central,0.4,81.0,7.13,0.06,0.0,6.24,3.06,2.56
2001-09-20,south_central,0.4,70.0,6.24,0.08,0.0,5.99,3.01,1.55
2001-09-27,south_central,0.6,70.0,5.99,0.17,0.0,5.91,2.99,1.3
2001-10-04,south_central,2.4,71.0,5.91,1.54,1.0,6.57,3.43,2.74
2001-10-11,south_central,0.0,63.0,7.57,-0.22,0.58,6.57,3.17,1.89
2001-10-18,south_central,0.0,72.0,7.16,-0.38,0.0,6.43,2.79,1.22
2001-10-25,south_central,0.0,67.0,6.43,-0.34,0.0,6.0,2.46,0.67
2001-11-01,south_central,0.3,67.0,6.0,-0.12,0.0,5.82,2.29,0.52
2001-11-08,south_central,3.2,69.0,5.82,2.35,1.0,7.0,3.47,2.91
2001-11-15,south_central,0.2,62.0,8.0,-0.1,0.85,7.0,3.3,1.72
2001-11-22,south_central,1.04,54.4,7.85,0.77,1.0,7.0,3.52,1.85
2001-11-29,south_central,1.98,66.7,8.0,1.43,1.0,7.0,3.91,2.55
2001-12-06,south_central,1.29,53.3,8.0,1.02,1.0,7.0,4.16,2.48
2001-12-13,south_central,0.63,56.0,8.0,0.31,1.0,7.0,4.16,1.72
2001-12-20,south_central,0.0,49.9,8.0,-0.23,0.9,7.0,3.87,0.9
2001-12-27,south_central,0.59,40.7,7.9,0.41,1.0,7.0,4.01,0.93
2002-01-03,south_central,0.1,53.7,8.0,-0.21,0.94,7.0,3.74,0.42
2002-01-10,south_central,0.02,55.8,7.94,-0.32,0.76,7.0,3.4,0.06
2002-01-17,south_central,0.08,57.4,7.76,-0.3,0.6,7.0,3.08,0.05
2002-01-24,south_central,0.16,60.7,7.6,-0.3,0.44,7.0,2.77,0.04
2002-01-31,south_central,0.49,48.4,7.44,0.2,0.84,7.0,2.81,0.42
2002-02-07,south_central,0.0,51.8,7.84,-0.31,0.71,7.0,2.5,0.02
2002-02-14,south_central,0.1,58.2,7.71,-0.34,0.53,7.0,2.17,0.02
2002-02-21,south_central,0.1,49.7,7.53,-0.21,0.52,7.0,1.93,0.01
2002-03-01,south_central,0.0,41.9,5.0,-0.21,0.96,4.0,3.22,0.6
2002-03-08,south_central,0.06,62.5,7.37,-0.48,0.02,7.0,1.21,0.03
2002-03-15,south_central,0.57,62.8,7.02,0.07,0.16,7.0,1.2,0.18
2002-03-22,south_central,0.16,64.9,7.16,-0.36,0.0,6.83,0.89,0.05
2002-03-29,south_central,0.09,65.7,6.83,-0.43,0.0,6.43,0.54,-0.02
2002-04-05,south_central,2.1,70.4,6.43,1.53,1.0,6.76,1.54,1.27
2002-04-12,south_central,0.14,77.4,7.76,-0.68,0.0,6.72,1.01,0.82
2002-04-19,south_central,0.02,78.7,6.72,-0.89,0.0,5.66,0.35,0.09
2002-04-26,south_central,0.01,81.3,5.66,-1.03,0.0,4.63,-0.39,-0.57
2002-05-03,south_central,0.0,82.3,4.63,-1.08,0.0,3.74,-1.13,-1.35
2002-05-10,south_central,0.56,75.2,3.74,-0.39,0.0,3.49,-1.39,-1.27
2002-05-17,south_central,0.0,72.4,3.49,-0.68,0.0,3.08,-1.82,-1.69
2002-05-24,south_central,0.93,78.2,3.08,-0.2,0.0,2.93,-1.88,-1.32
2002-05-31,south_central,0.11,82.1,2.93,-0.87,0.0,2.39,-2.12,-2.28
2002-06-07,south_central,0.19,84.3,2.39,-0.83,0.0,1.95,-2.35,-3.06
2002-06-14,south_central,0.6,82.0,1.95,-0.47,0.0,1.71,-2.45,-2.96
2002-06-21,south_central,1.36,81.5,1.71,0.13,0.0,1.67,-2.27,-1.65
2002-06-28,south_central,6.31,79.9,1.67,3.89,1.0,5.52,0.74,2.09
2002-07-05,south_central,0.67,82.5,6.52,0.19,0.08,5.52,0.89,1.73
2002-07-12,south_central,2.34,80.6,5.6,1.47,0.92,5.52,1.82,2.34
2002-07-19,south_central,0.0,83.3,6.44,-0.12,0.0,5.05,1.66,1.91
2002-07-26,south_central,0.06,84.3,5.05,-0.18,0.0,4.06,1.45,0.94
2002-08-02,south_central,0.33,83.6,4.06,0.03,0.0,3.43,1.42,0.59
2002-08-09,south_central,1.15,83.2,3.43,0.78,0.0,3.26,1.82,0.95
2002-08-16,south_central,0.04,85.1,3.26,-0.25,0.0,2.63,1.55,0.49
2002-08-23,south_central,0.14,84.4,2.63,-0.26,0.0,2.17,1.29,0.16
2002-08-30,south_central,1.34,82.7,2.17,0.81,0.0,2.14,1.79,0.54
2002-09-06,south_central,2.59,80.0,2.14,1.94,1.0,2.4,2.39,1.4
2002-09-13,south_central,1.79,76.9,3.4,1.42,1.0,3.09,2.81,1.66
2002-09-20,south_central,0.06,75.3,4.09,-0.26,0.07,3.09,2.53,1.2
2002-09-27,south_central,0.12,79.7,3.16,-0.57,0.0,2.69,2.03,0.44
2002-10-04,south_central,2.68,75.7,2.69,1.56,1.0,3.4,2.85,1.36
2002-10-11,south_central,0.78,65.4,4.4,0.32,1.0,3.68,2.89,1.09
2002-10-18,south_central,4.75,68.0,4.68,3.38,1.0,7.0,3.94,4.35
2002-10-25,south_central,0.85,64.3,8.0,0.43,1.0,7.0,3.98,3.11
2002-11-01,south_central,3.55,58.5,8.0,2.75,1.0,7.0,4.8,5.13
2002-11-08,south_central,0.0,62.3,8.0,-0.26,0.63,7.0,4.48,2.82
2002-11-15,south_central,0.01,58.6,7.63,-0.23,0.38,7.0,4.19,1.58
2002-11-22,south_central,0.38,52.8,7.38,0.16,0.61,7.0,4.19,1.12
2002-11-29,south_central,1.1,52.1,7.61,0.85,1.0,7.0,4.53,1.48
2002-12-06,south_central,2.16,50.4,8.0,1.91,1.0,7.0,5.05,2.85
2002-12-13,south_central,0.07,61.0,8.0,-0.34,0.75,7.0,4.67,1.48
2002-12-20,south_central,0.82,51.8,7.75,0.54,1.0,7.0,4.87,1.46
2002-12-27,south_central,0.71,55.1,8.0,0.38,1.0,7.0,4.87,1.29
2003-01-03,south_central,0.2,55.1,8.0,-0.13,1.0,7.0,4.65,0.69
2003-01-10,south_central,1.14,43.7,8.0,0.93,1.0,7.0,4.9,1.27
2003-01-17,south_central,0.08,49.4,8.0,-0.17,0.99,7.0,4.64,0.65
2003-01-24,south_central,0.0,52.2,7.99,-0.29,0.85,7.0,4.31,0.14
2003-01-31,south_central,0.5,52.1,7.85,0.18,1.0,7.0,4.31,0.39
2003-02-07,south_central,0.6,60.6,8.0,0.11,1.0,7.0,4.26,0.29
2003-02-14,south_central,2.2,55.9,8.0,1.74,1.0,7.0,4.85,2.0
2003-02-21,south_central,0.1,45.9,8.0,-0.15,1.0,7.0,4.61,1.04
2003-03-01,south_central,1.02,50.4,3.03,0.94,1.0,2.89,1.45,0.61
2003-03-08,south_central,0.07,66.7,8.0,-0.58,0.5,7.0,4.2,0.49
2003-03-15,south_central,0.35,63.4,7.5,-0.16,0.4,7.0,3.96,0.06
2003-03-22,south_central,0.4,62.0,7.4,-0.02,0.39,7.0,3.82,0.08
2003-03-29,south_central,0.01,63.8,7.39,-0.45,0.0,6.93,3.39,0.1
2003-04-05,south_central,0.08,64.8,6.93,-0.39,0.0,6.54,3.01,0.03
2003-04-12,south_central,0.02,73.0,6.54,-0.7,0.0,5.81,2.41,-0.13
2003-04-19,south_central,0.22,72.0,5.81,-0.49,0.0,5.33,1.98,-0.29
2003-04-26,south_central,0.03,76.0,5.33,-0.82,0.0,4.6,1.32,-0.7
2003-05-03,south_central,0.05,81.9,4.6,-1.04,0.0,3.76,0.53,-1.4
2003-05-10,south_central,0.25,80.9,3.76,-0.86,0.0,3.18,-0.11,-1.93
2003-05-17,south_central,0.0,78.4,3.18,-0.92,0.0,2.65,-0.77,-2.57
2003-05-24,south_central,0.16,79.0,2.65,-0.8,0.0,2.25,-1.33,-2.99
2003-05-31,south_central,1.74,80.4,2.25,0.27,0.24,2.25,-1.14,-1.57
2003-06-07,south_central,1.36,81.5,2.49,0.08,0.04,2.25,-1.09,-0.64
2003-06-14,south_central,0.65,80.1,2.29,-0.37,0.0,2.02,-1.33,-1.06
2003-06-21,south_central,0.27,84.7,2.02,-0.72,0.0,1.66,-1.79,-2.16
2003-06-28,south_central,1.73,81.6,1.66,0.45,0.17,1.66,-1.48,-0.67
2003-07-05,south_central,1.06,81.7,1.83,0.07,0.0,1.59,-1.42,-0.16
2003-07-12,south_central,1.6,81.8,1.59,0.49,0.04,1.59,-1.1,0.19
2003-07-19,south_central,0.21,83.3,1.64,-0.51,0.0,1.32,-1.41,-0.54
2003-07-26,south_central,0.2,83.7,1.32,-0.5,0.0,1.09,-1.71,-1.58
2003-08-02,south_central,0.16,86.0,1.09,-0.52,0.0,0.88,-2.0,-2.37
2003-08-09,south_central,0.85,81.5,0.88,0.2,0.0,0.81,-1.84,-1.12
2003-08-16,south_central,0.49,83.6,0.81,-0.12,0.0,0.71,-1.88,-1.09
2003-08-23,south_central,0.13,84.3,0.71,-0.5,0.0,0.58,-2.08,-1.97
2003-08-30,south_central,1.63,81.2,0.58,0.96,0.22,0.58,-1.26,0.06
2003-09-06,south_central,2.57,79.1,0.8,1.95,1.0,1.12,0.3,0.56
2003-09-13,south_central,2.04,76.6,2.12,1.68,1.0,2.08,1.5,1.01
2003-09-20,south_central,0.86,74.7,3.08,0.47,0.9,2.08,1.62,0.82
2003-09-27,south_central,0.02,70.3,2.98,-0.3,0.2,2.08,1.32,0.63
2003-10-04,south_central,1.53,76.6,2.28,0.62,0.7,2.08,1.65,0.76
2003-10-11,south_central,0.64,71.4,2.78,0.09,0.6,2.08,1.64,0.57
2003-10-18,south_central,0.07,71.0,2.68,-0.38,0.0,2.07,1.27,0.42
2003-10-25,south_central,0.51,67.6,2.07,-0.05,0.0,2.06,1.17,0.3
2003-11-01,south_central,0.1,69.8,2.06,-0.45,0.0,1.92,0.75,0.06
2003-11-08,south_central,0.13,65.9,1.92,-0.37,0.0,1.83,0.41,-0.17
2003-11-15,south_central,1.11,66.5,1.83,0.45,0.61,1.83,0.73,0.17
2003-11-22,south_central,0.02,55.9,2.44,-0.32,0.43,1.83,0.43,0.02
2003-11-29,south_central,0.02,57.0,2.26,-0.4,0.23,1.83,0.08,0.02
2003-12-06,south_central,0.39,53.6,2.06,-0.06,0.46,1.83,0.01,0.08
2003-12-13,south_central,0.01,50.1,2.29,-0.42,0.37,1.83,-0.34,0.01
2003-12-20,south_central,0.05,57.3,2.2,-0.53,0.19,1.83,-0.76,0.01
2003-12-27,south_central,0.44,59.6,2.02,-0.22,0.35,1.83,-0.81,0.05
2004-01-03,south_central,0.28,50.7,2.18,-0.2,0.52,1.83,-0.86,0.06
2004-01-10,south_central,1.76,58.8,2.35,1.14,1.0,2.84,-0.46,0.6
2004-01-17,south_central,0.55,52.2,3.84,0.12,1.0,3.26,-0.41,0.31
2004-01-24,south_central,0.52,52.2,4.26,0.09,1.0,3.64,0.43,0.23
2004-01-31,south_central,0.47,51.6,4.64,0.05,1.0,3.98,0.44,0.22
2004-02-07,south_central,1.68,48.1,4.98,1.24,1.0,5.58,0.84,1.17
2004-02-14,south_central,0.01,54.8,6.58,-0.41,0.82,5.58,0.68,0.59
2004-02-21,south_central,0.87,55.4,6.39,0.4,1.0,6.05,0.8,0.64
2004-03-01,south_central,1.05,56.6,4.95,0.89,1.0,4.0,4.67,0.83
2004-03-08,south_central,0.43,63.0,7.18,-0.13,1.0,6.19,0.71,0.03
2004-03-15,south_central,0.76,68.8,7.19,0.09,1.0,6.28,0.72,0.16
2004-03-22,south_central,0.14,69.2,7.28,-0.52,0.45,6.28,0.53,0.11
2004-03-29,south_central,1.04,67.8,6.73,0.52,0.85,6.28,0.69,0.5
2004-04-05,south_central,1.69,68.5,7.13,1.22,1.0,7.0,1.08,1.17
2004-04-12,south_central,1.02,60.9,8.0,0.69,1.0,7.0,1.28,1.3
2004-04-19,south_central,1.02,73.6,8.0,0.31,1.0,7.0,1.35,0.9
2004-04-26,south_central,1.17,67.8,8.0,0.55,1.0,7.0,1.5,0.9
2004-05-03,south_central,0.72,71.3,8.0,0.03,0.86,7.0,1.47,0.43
2004-05-10,south_central,2.38,74.1,7.86,1.2,1.0,7.0,1.83,1.74
2004-05-17,south_central,0.06,78.9,8.0,-0.69,0.0,6.74,1.22,1.07
2004-05-24,south_central,0.04,81.5,6.74,-0.78,0.0,5.48,0.55,0.28
2004-05-31,south_central,0.89,82.4,5.48,-0.21,0.0,5.0,0.34,0.03
2004-06-07,south_central,3.58,80.0,5.0,1.77,1.0,6.09,1.72,1.93
2004-06-14,south_central,0.65,81.0,7.09,-0.1,0.11,6.09,1.55,1.48
2004-06-21,south_central,2.29,79.7,6.21,1.13,0.96,6.09,1.98,1.93
2004-06-28,south_central,2.7,80.0,7.05,1.6,1.0,7.0,2.46,3.01
2004-07-05,south_central,0.07,82.6,8.0,-0.24,0.0,6.54,2.2,2.37
2004-07-12,south_central,0.22,81.4,6.54,-0.12,0.0,5.46,2.04,1.53
2004-07-19,south_central,0.21,82.9,5.46,-0.14,0.0,4.52,1.86,0.83
2004-07-26,south_central,0.95,82.8,4.52,0.47,0.0,4.17,2.23,0.93
2004-08-02,south_central,0.21,85.3,4.17,-0.09,0.0,3.42,2.01,0.61
2004-08-09,south_central,0.51,80.7,3.42,0.19,0.0,3.02,2.15,0.53
2004-08-16,south_central,0.4,80.5,3.02,0.09,0.0,2.63,2.13,0.42
2004-08-23,south_central,0.76,84.8,2.63,0.35,0.0,2.37,2.19,0.49
2004-08-30,south_central,1.05,79.2,2.37,0.63,0.0,2.3,2.35,0.67
2004-09-06,south_central,0.37,79.8,2.3,-0.14,0.0,2.03,2.16,0.38
2004-09-13,south_central,0.77,82.2,2.03,0.06,0.0,1.87,2.14,0.28
2004-09-20,south_central,0.31,80.0,1.87,-0.43,0.0,1.64,1.74,0.02
2004-09-27,south_central,1.03,77.2,1.64,0.22,0.0,1.63,1.85,0.14
2004-10-04,south_central,1.26,76.1,1.63,0.38,0.26,1.63,2.11,0.29
2004-10-11,south_central,1.16,69.9,1.89,0.46,0.74,1.63,2.21,0.42
2004-10-18,south_central,1.13,80.5,2.37,0.19,0.64,1.63,2.22,0.4
2004-10-25,south_central,1.07,78.5,2.27,0.2,0.63,1.63,2.23,0.42
2004-11-01,south_central,1.49,63.3,2.26,0.89,1.0,2.34,2.47,0.8
2004-11-08,south_central,0.03,63.1,3.34,-0.31,0.64,2.34,2.16,0.38
2004-11-15,south_central,3.4,64.3,2.98,2.64,1.0,4.95,3.13,2.1
2004-11-22,south_central,3.77,63.1,5.95,3.13,1.0,7.0,4.09,4.49
2004-11-29,south_central,0.2,54.6,8.0,-0.02,1.0,7.0,3.96,2.44
2004-12-06,south_central,0.15,60.6,8.0,-0.21,0.84,7.0,3.69,1.32
2004-12-13,south_central,0.06,50.9,7.84,-0.16,0.79,7.0,3.46,0.72
2004-12-20,south_central,0.21,47.0,7.79,0.0,0.94,7.0,3.36,0.29
2004-12-27,south_central,0.04,56.8,7.94,-0.31,0.76,7.0,3.03,0.11
2005-01-03,south_central,0.47,61.3,7.76,0.0,0.91,7.0,2.94,0.24
2005-01-10,south_central,0.3,59.3,7.91,-0.12,0.93,7.0,2.76,0.11
2005-01-17,south_central,0.0,52.6,7.93,-0.29,0.79,7.0,2.46,0.07
2005-01-24,south_central,1.6,53.1,7.79,1.26,1.0,7.0,3.34,1.5
2005-01-31,south_central,0.9,46.4,8.0,0.64,1.0,7.0,3.47,1.59
2005-02-07,south_central,0.77,55.9,8.0,0.38,1.0,7.0,3.51,1.36
2005-02-14,south_central,0.14,62.8,8.0,-0.4,0.74,7.0,3.12,0.69
2005-02-21,south_central,1.27,63.1,7.74,0.67,1.0,7.0,3.43,1.03
2005-03-01,south_central,0.41,47.2,0.52,0.17,0.5,0.33,-1.29,-0.01
2005-03-08,south_central,1.24,62.2,8.0,0.74,1.0,7.0,3.8,1.67
2005-03-15,south_central,0.52,58.1,8.0,0.14,1.0,7.0,3.76,1.09
2005-03-22,south_central,0.64,67.2,8.0,0.08,1.0,7.0,3.69,0.65
2005-03-29,south_central,0.37,63.3,8.0,-0.05,0.91,7.0,3.54,0.18
2005-04-05,south_central,0.18,65.9,7.91,-0.29,0.52,7.0,3.23,0.16
2005-04-12,south_central,0.06,68.7,7.52,-0.48,0.0,6.9,2.78,0.17
2005-04-19,south_central,0.07,71.9,6.9,-0.59,0.0,6.21,2.26,0.05
2005-04-26,south_central,0.3,68.3,6.21,-0.29,0.0,5.9,1.97,-0.01
2005-05-03,south_central,0.11,67.0,5.9,-0.43,0.0,5.5,1.58,-0.17
2005-05-10,south_central,1.55,75.0,5.5,0.45,0.47,5.5,1.83,0.38
2005-05-17,south_central,0.29,75.8,5.97,-0.49,0.0,5.23,1.41,0.0
2005-05-24,south_central,0.6,80.1,5.23,-0.44,0.0,4.66,1.03,-0.29
2005-05-31,south_central,2.08,78.5,4.66,0.68,0.73,4.66,1.45,0.53
2005-06-07,south_central,0.03,82.7,5.39,-0.74,0.0,4.17,0.87,-0.18
2005-06-14,south_central,0.0,83.4,4.17,-0.82,0.0,3.32,0.25,-1.13
2005-06-21,south_central,0.01,82.0,3.32,-0.78,0.0,2.66,-0.33,-2.0
2005-06-28,south_central,0.09,84.1,2.66,-0.76,0.0,2.14,-0.88,-2.74
2005-07-05,south_central,0.44,86.6,2.14,-0.52,0.0,1.79,-1.23,-2.92
2005-07-12,south_central,1.31,84.8,1.79,0.2,0.0,1.7,-1.09,-1.54
2005-07-19,south_central,1.16,83.4,1.7,0.19,0.0,1.61,-0.96,-0.64
2005-07-26,south_central,0.49,83.8,1.61,-0.26,0.0,1.38,-1.13,-1.07
2005-08-02,south_central,0.36,83.6,1.38,-0.31,0.0,1.17,-1.33,-1.49
2005-08-09,south_central,0.74,84.3,1.17,0.06,0.0,1.04,-1.27,-0.89
2005-08-16,south_central,0.27,86.0,1.04,-0.34,0.0,0.87,-1.47,-1.47
2005-08-23,south_central,0.07,86.5,0.87,-0.55,0.0,0.7,-1.7,-2.36
2005-08-30,south_central,0.33,85.3,0.7,-0.34,0.0,0.59,-1.77,-2.41
2005-09-06,south_central,0.43,81.7,0.59,-0.26,0.0,0.52,-1.81,-2.2
2005-09-13,south_central,1.02,83.2,0.52,0.19,0.0,0.49,-1.6,-0.96
2005-09-20,south_central,0.0,85.0,0.49,-0.88,0.0,0.4,-1.95,-2.56
2005-09-27,south_central,0.11,85.5,0.4,-0.83,0.0,0.33,-2.18,-3.51
2005-10-04,south_central,0.22,77.5,0.33,-0.56,0.0,0.3,-2.31,-3.46
2005-10-11,south_central,1.86,72.5,0.3,0.88,1.0,0.35,-1.56,-1.76
2005-10-18,south_central,0.0,73.3,1.35,-0.47,0.17,0.35,-1.86,-0.81
2005-10-25,south_central,0.12,60.9,0.52,-0.24,0.0,0.35,-1.97,-0.46
2005-11-01,south_central,0.44,65.1,0.35,-0.1,0.0,0.35,-1.99,-0.13
2005-11-08,south_central,0.04,75.9,0.35,-0.75,0.0,0.31,-2.28,-1.39
2005-11-15,south_central,0.12,62.8,0.31,-0.37,0.0,0.3,-2.35,-1.29
2005-11-22,south_central,0.72,60.7,0.3,0.17,0.4,0.3,-2.14,-0.76
2005-11-29,south_central,0.15,58.8,0.7,-0.32,0.28,0.3,-2.28,-0.48
2005-12-06,south_central,0.17,46.6,0.58,-0.22,0.39,0.3,-2.3,-0.3
2005-12-13,south_central,0.44,52.1,0.69,-0.06,0.7,0.3,-2.26,-0.17
2005-12-20,south_central,0.02,49.6,1.0,-0.48,0.63,0.3,-2.36,-0.13
2005-12-27,south_central,0.0,59.5,0.93,-0.69,0.35,0.3,-2.53,-0.07
2006-01-03,south_central,0.01,60.5,0.65,-0.71,0.06,0.3,-2.7,-0.03
2006-01-10,south_central,0.02,57.3,0.36,-0.64,0.0,0.29,-2.85,-0.28
2006-01-17,south_central,0.22,58.3,0.29,-0.45,0.0,0.29,-2.93,-0.23
2006-01-24,south_central,0.58,55.2,0.29,-0.04,0.39,0.29,-2.87,-0.12
2006-01-31,south_central,0.29,60.1,0.68,-0.41,0.37,0.29,-2.93,-0.08
2006-02-07,south_central,0.2,54.9,0.66,-0.43,0.38,0.29,-3.0,-0.05
2006-02-14,south_central,0.07,53.9,0.67,-0.57,0.28,0.29,-3.12,-0.03
2006-02-21,south_central,0.3,50.9,0.57,-0.33,0.45,0.29,-3.15,-0.01
2006-03-01,south_central,0.73,46.8,0.15,0.55,0.8,0.0,-1.33,-0.06
2006-03-08,south_central,0.04,71.9,0.47,-1.18,0.0,0.27,-3.62,-0.96
2006-03-15,south_central,0.04,69.1,0.27,-1.03,0.0,0.25,-3.87,-1.71
2006-03-22,south_central,0.84,58.3,0.25,0.28,0.54,0.25,-3.56,-1.08
2006-03-29,south_central,0.83,68.1,0.79,0.17,0.72,0.25,-3.33,-0.65
2006-04-05,south_central,0.01,76.5,0.97,-1.0,0.0,0.24,-3.78,-0.95
2006-04-12,south_central,0.01,70.6,0.24,-0.86,0.0,0.22,-3.97,-1.93
2006-04-19,south_central,0.78,78.9,0.22,-0.52,0.0,0.2,-4.05,-2.0
2006-04-26,south_central,0.51,74.4,0.2,-0.56,0.0,0.19,-4.13,-2.11
2006-05-03,south_central,1.38,77.2,0.19,0.04,0.17,0.19,-3.99,-1.22
2006-05-10,south_central,0.49,76.8,0.36,-0.64,0.0,0.18,-4.13,-1.6
2006-05-17,south_central,0.14,76.1,0.18,-0.88,0.0,0.15,-4.32,-2.76
2006-05-24,south_central,0.03,81.8,0.15,-1.15,0.0,0.13,-4.59,-4.38
2006-05-31,south_central,2.43,78.1,0.13,0.73,1.0,0.24,-3.94,-2.55
2006-06-07,south_central,0.0,81.4,1.24,-0.82,0.0,0.23,-4.4,-2.4
2006-06-14,south_central,0.41,83.7,0.23,-0.79,0.0,0.19,-4.55,-3.45
2006-06-21,south_central,1.32,82.6,0.19,-0.07,0.0,0.19,-4.46,-2.28
2006-06-28,south_central,0.29,81.6,0.19,-0.75,0.0,0.16,-4.6,-3.37
2006-07-05,south_central,3.0,80.9,0.16,1.32,1.0,0.63,-3.54,-1.32
2006-07-12,south_central,0.14,84.2,1.63,-0.4,0.0,0.59,-3.7,-1.02
2006-07-19,south_central,0.13,85.0,0.59,-0.76,0.0,0.48,-4.13,-2.63
2006-07-26,south_central,0.5,83.7,0.48,-0.39,0.0,0.41,-4.25,-2.77
2006-08-02,south_central,0.32,85.5,0.41,-0.5,0.0,0.34,-4.31,-3.19
2006-08-09,south_central,0.11,85.9,0.34,-0.63,0.0,0.28,-4.41,-3.84
2006-08-16,south_central,0.06,86.6,0.28,-0.65,0.0,0.22,-4.52,-4.35
2006-08-23,south_central,0.09,87.3,0.22,-0.63,0.0,0.18,-4.61,-4.6
2006-08-30,south_central,0.1,85.4,0.18,-0.62,0.0,0.15,-4.7,-4.69
2006-09-06,south_central,0.76,79.6,0.15,0.09,0.0,0.14,-4.51,-2.89
2006-09-13,south_central,1.08,80.3,0.14,0.29,0.0,0.13,-4.17,-1.16
2006-09-20,south_central,1.99,79.3,0.13,1.07,0.75,0.13,-3.29,0.07
2006-09-27,south_central,0.91,75.2,0.89,0.36,0.69,0.13,-2.93,0.09
2006-10-04,south_central,0.02,79.7,0.82,-0.65,0.0,0.12,-3.28,0.02
2006-10-11,south_central,1.25,73.5,0.12,0.37,0.4,0.12,-2.91,0.04
2006-10-18,south_central,1.82,72.3,0.52,0.89,1.0,0.55,-2.19,0.25
2006-10-25,south_central,0.76,66.1,1.55,0.24,1.0,0.8,-1.93,0.23
2006-11-01,south_central,0.0,63.8,1.8,-0.33,0.57,0.8,-2.08,0.16
2006-11-08,south_central,0.24,70.2,1.37,-0.28,0.16,0.8,-2.19,0.12
2006-11-15,south_central,0.0,60.8,0.96,-0.39,0.0,0.78,-2.37,0.04
2006-11-22,south_central,0.0,58.8,0.78,-0.43,0.0,0.76,-2.58,-0.15
2006-11-29,south_central,0.35,61.9,0.76,-0.22,0.0,0.76,-2.64,-0.04
2006-12-06,south_central,0.12,47.9,0.76,-0.27,0.05,0.76,-2.74,-0.01
2006-12-13,south_central,0.12,59.1,0.81,-0.5,0.0,0.75,-3.28,-0.16
2006-12-20,south_central,0.73,63.2,0.75,-0.06,0.35,0.75,-3.22,-0.04
2006-12-27,south_central,2.27,52.4,1.1,1.69,1.0,2.24,-1.66,0.53
2007-01-03,south_central,1.61,52.1,3.24,1.13,1.0,3.72,-0.8,0.79
2007-01-10,south_central,1.09,55.7,4.72,0.62,1.0,4.61,-0.33,0.89
2007-01-17,south_central,1.37,40.1,5.61,1.09,1.0,5.97,0.45,1.46
2007-01-24,south_central,1.72,48.2,6.97,1.41,1.0,7.0,1.42,2.31
2007-01-31,south_central,0.07,46.0,8.0,-0.15,1.0,7.0,1.31,1.17
2007-02-07,south_central,0.01,53.7,8.0,-0.31,0.84,7.0,1.09,0.59
2007-02-14,south_central,0.05,47.2,7.84,-0.21,0.82,7.0,0.95,0.09
2007-02-21,south_central,0.04,60.4,7.82,-0.45,0.53,7.0,0.66,0.0
2007-02-28,south_central,0.02,61.8,7.53,-0.52,0.17,7.0,0.33,0.01
2007-03-01,south_central,0.01,40.5,1.69,-0.24,0.67,1.0,4.11,0.0
2007-03-08,south_central,4.45,65.6,7.31,3.98,1.0,7.0,2.44,3.94
2007-03-15,south_central,0.13,70.7,8.0,-0.6,0.38,7.0,1.91,2.04
2007-03-22,south_central,2.42,72.1,7.38,1.82,1.0,7.0,2.73,2.69
2007-03-29,south_central,0.54,66.8,8.0,0.05,0.94,7.0,2.68,1.47
2007-04-05,south_central,0.88,59.2,7.94,0.59,1.0,7.0,2.81,1.36
2007-04-12,south_central,0.2,63.1,8.0,-0.19,0.73,7.0,2.59,0.79
2007-04-19,south_central,0.95,70.9,7.73,0.3,0.85,7.0,2.71,0.47
2007-04-26,south_central,1.4,75.5,7.85,0.49,1.0,7.0,2.81,0.65
2007-05-03,south_central,0.27,75.9,8.0,-0.47,0.14,7.0,2.37,0.4
2007-05-10,south_central,0.24,74.1,7.14,-0.45,0.0,6.42,1.95,0.25
2007-05-17,south_central,1.73,74.7,6.42,0.6,0.65,6.42,2.32,0.88
2007-05-24,south_central,1.47,77.5,7.07,0.39,0.85,6.42,2.57,0.69
2007-05-31,south_central,0.6,80.1,7.27,-0.24,0.0,6.39,2.26,0.62
2007-06-07,south_central,0.74,81.6,6.39,-0.15,0.0,5.73,2.07,0.48
2007-06-14,south_central,1.9,80.8,5.73,0.74,0.37,5.73,2.5,1.0
2007-06-21,south_central,1.67,80.7,6.1,0.7,0.51,5.73,2.67,1.12
2007-06-28,south_central,4.89,79.5,6.24,3.23,1.0,7.0,3.68,4.68
2007-07-05,south_central,0.24,83.3,8.0,-0.07,0.0,6.66,3.52,3.38
2007-07-12,south_central,3.62,79.3,6.66,2.58,1.0,7.0,4.33,4.99
2007-07-19,south_central,2.51,79.9,8.0,1.98,1.0,7.0,4.89,5.24
2007-07-26,south_central,0.64,83.2,8.0,0.62,0.06,7.0,4.97,4.46
2007-08-02,south_central,0.08,83.9,7.06,0.19,0.0,5.73,4.91,3.58
2007-08-09,south_central,2.29,84.4,5.73,2.12,0.7,5.73,5.5,4.14
2007-08-16,south_central,0.31,83.6,6.44,0.46,0.0,5.36,5.51,3.72
2007-08-23,south_central,1.3,81.3,5.36,1.2,0.0,5.28,5.77,3.36
2007-08-30,south_central,1.08,80.6,5.28,0.88,0.0,5.08,5.92,3.13
2007-09-06,south_central,0.36,80.6,5.08,0.02,0.0,4.45,5.78,2.27
2007-09-13,south_central,0.17,79.7,4.45,-0.32,0.0,3.84,5.39,1.32
2007-09-20,south_central,0.26,79.4,3.84,-0.36,0.0,3.38,4.98,0.68
2007-09-27,south_central,0.37,78.7,3.38,-0.33,0.0,3.05,4.61,0.3
2007-10-04,south_central,0.31,77.9,3.05,-0.4,0.0,2.75,4.19,0.04
2007-10-11,south_central,0.7,76.6,2.75,-0.09,0.0,2.64,4.0,0.07
2007-10-18,south_central,0.47,63.3,2.64,0.02,0.05,2.64,3.88,0.14
2007-10-25,south_central,0.0,64.4,2.69,-0.38,0.0,2.51,3.49,-0.08
2007-11-01,south_central,0.03,68.3,2.51,-0.47,0.0,2.34,3.05,-0.56
2007-11-08,south_central,0.17,68.5,2.34,-0.39,0.0,2.22,2.67,-0.73
2007-11-15,south_central,1.51,62.7,2.22,0.91,1.0,2.35,3.2,0.01
2007-11-22,south_central,0.48,53.8,3.35,0.15,1.0,2.67,3.19,-0.08
2007-11-29,south_central,0.0,62.2,3.67,-0.49,0.65,2.67,2.75,-0.11
2007-12-06,south_central,0.71,61.1,3.32,0.15,1.0,2.71,2.75,0.13
2007-12-13,south_central,0.02,55.2,3.71,-0.44,0.84,2.71,2.35,-0.02
2007-12-20,south_central,0.06,49.1,3.54,-0.35,0.81,2.71,2.02,-0.01
2007-12-27,south_central,0.0,49.7,3.52,-0.42,0.71,2.71,1.66,0.0
2008-01-03,south_central,0.03,61.3,3.42,-0.59,0.42,2.71,1.18,0.01
2008-01-10,south_central,1.06,46.3,3.13,0.66,1.0,3.13,1.56,0.46
2008-01-17,south_central,0.44,45.9,4.13,0.09,1.0,3.51,1.54,0.22
2008-01-24,south_central,0.09,54.5,4.51,-0.35,0.91,3.51,1.23,0.01
2008-01-31,south_central,0.01,62.6,4.42,-0.62,0.54,3.51,0.76,0.01
2008-02-07,south_central,0.81,60.8,4.05,0.15,1.0,3.52,0.8,0.26
2008-02-14,south_central,0.17,59.4,4.52,-0.44,0.87,3.52,0.47,0.01
2008-02-21,south_central,0.02,61.3,4.39,-0.64,0.52,3.52,0.01,0.01
2008-03-01,south_central,0.0,58.8,0.01,-0.68,0.0,0.01,-2.91,-0.88
2008-03-08,south_central,0.98,61.9,4.36,0.39,1.0,3.94,0.2,0.36
2008-03-15,south_central,0.46,64.8,4.94,-0.14,0.96,3.94,0.07,0.04
2008-03-22,south_central,0.04,65.9,4.9,-0.55,0.44,3.94,-0.3,0.06
2008-03-29,south_central,0.22,71.8,4.38,-0.54,0.0,3.86,-0.65,0.01
2008-04-05,south_central,0.09,72.1,3.86,-0.72,0.0,3.48,-1.11,-0.6
2008-04-12,south_central,0.84,63.2,3.48,0.34,0.36,3.48,-0.89,-0.16
2008-04-19,south_central,0.82,75.1,3.85,-0.09,0.13,3.48,-0.95,-0.04
2008-04-26,south_central,0.37,69.5,3.61,-0.34,0.0,3.37,-1.15,-0.19
2008-05-03,south_central,0.34,75.6,3.37,-0.61,0.0,3.04,-1.5,-0.79
2008-05-10,south_central,0.75,75.0,3.04,-0.27,0.0,2.91,-1.64,-0.75
2008-05-17,south_central,0.04,80.6,2.91,-0.99,0.0,2.38,-2.02,-1.98
2008-05-24,south_central,0.07,83.0,2.38,-1.0,0.0,1.93,-2.3,-3.05
2008-05-31,south_central,0.06,84.8,1.93,-1.01,0.0,1.54,-2.58,-4.0
2008-06-07,south_central,0.08,85.3,1.54,-0.98,0.0,1.23,-2.84,-4.74
2008-06-14,south_central,0.06,84.9,1.23,-0.97,0.0,0.97,-3.1,-5.33
2008-06-21,south_central,0.21,84.7,0.97,-0.83,0.0,0.79,-3.29,-5.49
2008-06-28,south_central,0.78,81.8,0.79,-0.32,0.0,0.71,-3.31,-4.38
2008-07-05,south_central,0.92,82.2,0.71,-0.17,0.0,0.65,-3.29,-3.31
2008-07-12,south_central,0.06,84.6,0.65,-0.82,0.0,0.52,-3.48,-4.29
2008-07-19,south_central,1.68,83.7,0.52,0.53,0.06,0.52,-2.99,-1.56
2008-07-26,south_central,0.01,85.4,0.58,-0.73,0.0,0.42,-3.38,-2.93
2008-08-02,south_central,0.29,85.7,0.42,-0.48,0.0,0.35,-3.46,-3.25
2008-08-09,south_central,0.75,85.6,0.35,-0.01,0.0,0.31,-3.37,-2.21
2008-08-16,south_central,2.66,81.1,0.31,1.92,1.0,0.53,-1.87,0.2
2008-08-23,south_central,0.35,82.9,1.53,0.3,0.0,0.52,-1.57,0.26
2008-08-30,south_central,0.02,83.0,0.52,-0.66,0.0,0.43,-1.98,-0.21
2008-09-06,south_central,0.34,83.0,0.43,-0.43,0.0,0.37,-2.21,-1.11
2008-09-13,south_central,0.42,74.2,0.37,-0.17,0.0,0.34,-2.25,-1.04
2008-09-20,south_central,0.11,76.5,0.34,-0.58,0.0,0.3,-2.58,-1.91
2008-09-27,south_central,0.01,74.4,0.3,-0.63,0.0,0.27,-2.97,-2.58
2008-10-04,south_central,0.24,73.7,0.27,-0.43,0.0,0.24,-3.04,-2.51
2008-10-11,south_central,1.04,73.8,0.24,0.18,0.18,0.24,-2.82,-1.21
2008-10-18,south_central,0.01,66.5,0.43,-0.43,0.0,0.23,-2.97,-1.22
2008-10-25,south_central,0.01,63.6,0.23,-0.42,0.0,0.22,-3.03,-1.43
2008-11-01,south_central,0.05,67.9,0.22,-0.5,0.0,0.2,-3.13,-1.72
2008-11-08,south_central,0.6,67.1,0.2,-0.04,0.07,0.2,-3.06,-0.94
2008-11-15,south_central,0.01,55.6,0.28,-0.35,0.0,0.2,-3.1,-0.79
2008-11-22,south_central,0.05,62.6,0.2,-0.52,0.0,0.19,-3.2,-1.05
2008-11-29,south_central,0.01,52.9,0.19,-0.44,0.0,0.19,-3.27,-0.93
2008-12-06,south_central,0.22,52.6,0.19,-0.29,0.08,0.19,-3.28,-0.61
2008-12-13,south_central,0.16,55.4,0.27,-0.44,0.05,0.19,-3.35,-0.4
2008-12-20,south_central,0.1,55.1,0.24,-0.53,0.0,0.19,-3.44,-0.31
2008-12-27,south_central,0.09,56.7,0.19,-0.58,0.0,0.19,-3.55,-0.42
2009-01-03,south_central,0.29,57.2,0.19,-0.39,0.06,0.19,-3.59,-0.26
2009-01-10,south_central,0.0,48.2,0.25,-0.51,0.0,0.19,-3.67,-0.2
2009-01-17,south_central,0.0,56.8,0.19,-0.64,0.0,0.18,-3.79,-0.52
2009-01-24,south_central,0.06,50.8,0.18,-0.49,0.0,0.18,-3.86,-0.44
2009-01-31,south_central,0.0,57.1,0.18,-0.68,0.0,0.17,-3.99,-0.71
2009-02-07,south_central,0.41,65.5,0.17,-0.56,0.0,0.17,-4.08,-0.6
2009-02-14,south_central,0.09,60.3,0.17,-0.75,0.0,0.17,-4.23,-0.82
2009-02-21,south_central,0.02,62.8,0.17,-0.91,0.0,0.16,-4.42,-1.23
2009-03-01,south_central,0.28,45.6,4.93,0.1,1.0,4.0,3.75,0.67
2009-03-08,south_central,1.43,62.5,0.15,0.6,1.0,0.17,-4.05,-0.88
2009-03-15,south_central,0.18,61.5,1.17,-0.47,0.79,0.17,-4.26,-0.62
2009-03-22,south_central,0.67,69.5,0.96,-0.08,0.76,0.17,-4.19,-0.34
2009-03-29,south_central,0.16,63.5,0.93,-0.35,0.45,0.17,-4.27,-0.17
2009-04-05,south_central,0.01,65.8,0.62,-0.54,0.0,0.17,-4.34,-0.22
2009-04-12,south_central,2.3,68.0,0.17,1.56,1.0,0.8,-3.11,0.16
2009-04-19,south_central,0.69,73.1,1.8,-0.04,0.75,0.8,-3.03,0.03
2009-04-26,south_central,1.04,77.3,1.55,-0.02,0.59,0.8,-2.94,0.05
2009-05-03,south_central,0.03,80.0,1.39,-1.08,0.0,0.72,-3.61,-0.95
2009-05-10,south_central,0.4,82.0,0.72,-0.94,0.0,0.62,-4.04,-2.33
2009-05-17,south_central,0.52,72.1,0.62,-0.41,0.0,0.59,-4.07,-2.11
2009-05-24,south_central,0.89,78.3,0.59,-0.36,0.0,0.55,-4.09,-1.92
2009-05-31,south_central,0.26,79.1,0.55,-0.79,0.0,0.47,-4.25,-2.98
2009-06-07,south_central,0.08,83.6,0.47,-1.02,0.0,0.38,-4.49,-4.4
2009-06-14,south_central,0.02,86.5,0.38,-1.1,0.0,0.3,-4.74,-5.61
2009-06-21,south_central,0.01,87.2,0.3,-1.09,0.0,0.23,-4.98,-6.47
2009-06-28,south_central,0.1,87.3,0.23,-0.99,0.0,0.18,-5.19,-6.84
2009-07-05,south_central,0.28,88.0,0.18,-0.83,0.0,0.15,-5.33,-6.69
2009-07-12,south_central,0.13,87.4,0.15,-0.88,0.0,0.12,-5.49,-6.79
2009-07-19,south_central,0.26,87.2,0.12,-0.72,0.0,0.1,-5.59,-6.46
2009-07-26,south_central,0.23,88.2,0.1,-0.69,0.0,0.08,-5.68,-6.2
2009-08-02,south_central,0.0,87.6,0.08,-0.81,0.0,0.06,-5.81,-6.4
2009-08-09,south_central,0.47,87.4,0.06,-0.34,0.0,0.05,-5.78,-5.22
2009-08-16,south_central,0.18,87.4,0.05,-0.57,0.0,0.04,-5.82,-5.07
2009-08-23,south_central,0.44,86.6,0.04,-0.31,0.0,0.04,-5.78,-4.23
2009-08-30,south_central,0.37,82.4,0.04,-0.34,0.0,0.03,-5.75,-3.71
2009-09-06,south_central,3.65,80.5,0.03,2.81,1.0,1.33,-3.62,-0.6
2009-09-13,south_central,0.53,78.3,2.33,0.24,0.35,1.33,-3.33,0.13
2009-09-20,south_central,1.48,73.8,1.67,0.89,0.92,1.33,-2.59,0.4
2009-09-27,south_central,0.98,78.5,2.25,0.33,0.74,1.33,-2.25,0.4
2009-10-04,south_central,3.46,77.8,2.07,2.24,1.0,3.44,-0.61,1.62
2009-10-11,south_central,0.7,70.6,4.44,0.18,0.99,3.44,-0.43,1.28
2009-10-18,south_central,1.32,66.4,4.42,0.72,1.0,4.22,0.11,1.25
2009-10-25,south_central,2.04,64.9,5.22,1.32,1.0,5.79,1.05,2.01
2009-11-01,south_central,0.01,62.8,6.79,-0.25,0.62,5.79,0.89,1.35
2009-11-08,south_central,0.71,66.6,6.41,0.26,0.82,5.79,1.09,0.93
2009-11-15,south_central,2.81,60.6,6.61,2.24,1.0,7.0,2.57,2.98
2009-11-22,south_central,0.17,56.3,8.0,-0.06,0.96,7.0,2.49,1.68
2009-11-29,south_central,1.47,48.2,7.96,1.26,1.0,7.0,3.27,2.33
2009-12-06,south_central,0.41,47.0,8.0,0.24,1.0,7.0,3.36,1.57
2009-12-13,south_central,0.82,50.6,8.0,0.59,1.0,7.0,3.55,1.54
2009-12-20,south_central,0.27,52.1,8.0,0.01,1.0,7.0,3.46,0.95
2009-12-27,south_central,0.62,46.4,8.0,0.41,1.0,7.0,3.51,0.98
2010-01-03,south_central,0.03,39.9,8.0,-0.14,1.0,7.0,3.3,0.47
2010-01-10,south_central,2.6,46.7,8.0,2.34,1.0,7.0,4.07,2.58
2010-01-17,south_central,0.07,60.0,8.0,-0.35,0.77,7.0,3.7,1.32
2010-01-24,south_central,0.68,55.3,7.77,0.32,1.0,7.0,3.82,1.16
2010-01-31,south_central,1.67,46.9,8.0,1.38,1.0,7.0,4.23,2.19
2010-02-07,south_central,1.51,46.4,8.0,1.22,1.0,7.0,4.52,2.55
2010-02-14,south_central,0.16,48.7,8.0,-0.12,1.0,7.0,4.31,1.35
2010-02-21,south_central,0.32,50.4,8.0,0.01,1.0,7.0,4.2,0.88
2010-03-01,south_central,0.03,62.3,1.16,-0.65,0.24,0.5,-1.45,0.01
2010-03-08,south_central,0.21,63.0,8.0,-0.33,0.78,7.0,3.8,0.18
2010-03-15,south_central,0.88,60.2,7.78,0.47,1.0,7.0,4.04,0.57
2010-03-22,south_central,0.67,56.5,8.0,0.39,1.0,7.0,4.07,0.51
2010-03-29,south_central,0.01,65.2,8.0,-0.48,0.48,7.0,3.61,0.11
2010-04-05,south_central,0.08,67.4,7.48,-0.45,0.0,6.94,3.18,0.14
2010-04-12,south_central,1.5,68.6,6.94,0.96,0.8,6.94,3.79,0.93
2010-04-19,south_central,0.45,68.0,7.74,-0.07,0.58,6.94,3.6,0.48
2010-04-26,south_central,0.04,71.0,7.52,-0.55,0.0,6.75,3.09,0.22
2010-05-03,south_central,0.0,74.7,6.75,-0.72,0.0,5.86,2.48,0.02
2010-05-10,south_central,2.5,78.2,5.86,1.08,1.0,6.07,3.16,1.16
2010-05-17,south_central,0.81,78.2,7.07,-0.14,0.51,6.07,2.96,0.79
2010-05-24,south_central,0.13,79.8,6.58,-0.67,0.0,5.47,2.39,0.12
2010-05-31,south_central,1.41,79.3,5.47,0.23,0.01,5.47,2.47,0.3
2010-06-07,south_central,1.46,82.8,5.48,0.24,0.0,5.37,2.55,0.44
2010-06-14,south_central,0.06,84.4,5.37,-0.71,0.0,4.28,1.97,-0.06
2010-06-21,south_central,0.09,84.2,4.28,-0.69,0.0,3.44,1.4,-0.86
2010-06-28,south_central,3.27,82.6,3.44,1.67,1.0,4.1,2.52,0.97
2010-07-05,south_central,1.37,82.5,5.1,0.61,0.77,4.1,2.96,0.98
2010-07-12,south_central,0.01,84.4,4.88,-0.38,0.0,3.65,2.49,0.41
2010-07-19,south_central,0.56,84.1,3.65,-0.07,0.0,3.16,2.35,0.19
2010-07-26,south_central,0.98,83.0,3.16,0.33,0.0,2.92,2.51,0.33
2010-08-02,south_central,0.0,84.8,2.92,-0.43,0.0,2.32,2.11,-0.16
2010-08-09,south_central,0.1,86.4,2.32,-0.37,0.0,1.87,1.77,-0.84
2010-08-16,south_central,0.12,87.3,1.87,-0.38,0.0,1.51,1.43,-1.38
2010-08-23,south_central,0.08,85.5,1.51,-0.45,0.0,1.22,1.05,-1.93
2010-08-30,south_central,1.01,84.3,1.22,0.39,0.0,1.14,1.27,-0.41
2010-09-06,south_central,4.82,81.7,1.14,4.05,1.0,3.55,3.3,1.7
2010-09-13,south_central,0.99,82.4,4.55,0.65,0.58,3.55,3.44,1.86
2010-09-20,south_central,2.21,78.7,4.13,1.57,1.0,4.15,3.87,2.15
2010-09-27,south_central,0.07,72.6,5.15,-0.25,0.23,4.15,3.58,1.54
2010-10-04,south_central,0.0,66.7,4.38,-0.31,0.0,3.98,3.25,0.79
2010-10-11,south_central,0.01,70.0,3.98,-0.42,0.0,3.64,2.85,0.32
2010-10-18,south_central,0.03,73.3,3.64,-0.5,0.0,3.28,2.4,-0.01
2010-10-25,south_central,0.02,71.8,3.28,-0.5,0.0,2.98,1.96,-0.5
2010-11-01,south_central,0.62,61.6,2.98,0.17,0.26,2.98,2.0,-0.06
2010-11-08,south_central,0.38,64.9,3.24,-0.06,0.19,2.98,1.87,0.03
2010-11-15,south_central,0.13,56.7,3.17,-0.17,0.1,2.98,1.68,0.05
2010-11-22,south_central,0.08,67.0,3.08,-0.48,0.0,2.86,1.27,-0.19
2010-11-29,south_central,0.02,56.1,2.86,-0.37,0.0,2.79,0.95,-0.32
2010-12-06,south_central,0.02,51.8,2.79,-0.36,0.0,2.76,0.64,-0.33
2010-12-13,south_central,0.0,53.4,2.76,-0.45,0.0,2.7,0.28,-0.39
2010-12-20,south_central,0.52,59.4,2.7,-0.09,0.24,2.7,0.18,-0.16
2010-12-27,south_central,0.26,55.0,2.94,-0.26,0.32,2.7,-0.03,-0.13
2011-01-03,south_central,0.29,53.1,3.02,-0.2,0.46,2.7,-0.2,-0.04
2011-01-10,south_central,1.8,43.6,3.16,1.41,1.0,3.93,0.72,0.83
2011-01-17,south_central,1.12,50.2,4.93,0.74,1.0,4.94,1.17,1.05
2011-01-24,south_central,0.21,51.0,5.94,-0.13,1.0,5.03,1.03,0.59
2011-01-31,south_central,0.21,44.3,6.03,-0.08,1.0,5.2,0.92,0.23
2011-02-07,south_central,0.18,44.2,6.2,-0.11,1.0,5.34,0.8,0.1
2011-02-14,south_central,0.04,63.1,6.34,-0.57,0.63,5.34,0.38,0.0
2011-02-21,south_central,0.05,67.6,5.97,-0.73,0.11,5.34,-0.13,0.0
2011-03-01,south_central,0.01,73.7,0.19,-1.0,0.0,0.15,-3.33,-3.63
2011-03-08,south_central,0.05,59.4,5.2,-0.52,0.0,5.03,-0.85,-0.23
2011-03-15,south_central,0.08,69.0,5.03,-0.76,0.0,4.66,-1.33,-0.51
2011-03-22,south_central,0.0,73.7,4.66,-1.0,0.0,4.13,-1.72,-0.95
2011-03-29,south_central,0.08,67.3,4.13,-0.61,0.0,3.85,-1.88,-1.04
2011-04-05,south_central,0.01,71.0,3.85,-0.78,0.0,3.47,-2.09,-1.35
2011-04-12,south_central,0.01,72.1,3.47,-0.81,0.0,3.1,-2.31,-1.67
2011-04-19,south_central,0.0,77.9,3.1,-1.07,0.0,2.63,-2.61,-2.33
2011-04-26,south_central,0.0,77.6,2.63,-1.06,0.0,2.23,-2.9,-2.9
2011-05-03,south_central,0.04,69.2,2.23,-0.68,0.0,2.03,-3.05,-2.79
2011-05-10,south_central,1.31,78.5,2.03,-0.03,0.0,2.03,-2.99,-1.66
2011-05-17,south_central,0.18,75.1,2.03,-0.73,0.0,1.8,-3.15,-2.22
2011-05-24,south_central,0.13,83.8,1.8,-1.03,0.0,1.46,-3.42,-3.38
2011-05-31,south_central,0.0,83.5,1.46,-1.08,0.0,1.16,-3.7,-4.45
2011-06-07,south_central,0.05,83.4,1.16,-1.01,0.0,0.93,-3.94,-5.17
2011-06-14,south_central,0.0,86.8,0.93,-1.09,0.0,0.73,-4.21,-5.96
2011-06-21,south_central,1.73,84.3,0.73,0.23,0.05,0.73,-3.92,-3.35
2011-06-28,south_central,0.05,85.3,0.78,-0.94,0.0,0.58,-4.24,-4.46
2011-07-05,south_central,0.04,85.3,0.58,-0.94,0.0,0.46,-4.44,-5.31
2011-07-12,south_central,0.07,87.3,0.46,-0.91,0.0,0.36,-4.63,-5.88
2011-07-19,south_central,0.16,87.2,0.36,-0.79,0.0,0.29,-4.78,-6.0
2011-07-26,south_central,0.06,88.2,0.29,-0.83,0.0,0.23,-4.94,-6.22
2011-08-02,south_central,0.0,88.9,0.23,-0.83,0.0,0.18,-5.09,-6.42
2011-08-09,south_central,0.04,89.7,0.18,-0.75,0.0,0.14,-5.21,-6.37
2011-08-16,south_central,0.03,88.6,0.14,-0.72,0.0,0.11,-5.32,-6.24
2011-08-23,south_central,0.21,87.9,0.11,-0.53,0.0,0.09,-5.37,-5.63
2011-08-30,south_central,0.02,88.6,0.09,-0.76,0.0,0.07,-5.49,-5.75
2011-09-06,south_central,0.0,79.8,0.07,-0.67,0.0,0.06,-5.58,-5.52
2011-09-13,south_central,0.55,83.3,0.06,-0.3,0.0,0.05,-5.54,-4.36
2011-09-20,south_central,0.22,80.6,0.05,-0.62,0.0,0.04,-5.61,-4.3
2011-09-27,south_central,0.3,82.3,0.04,-0.63,0.0,0.03,-5.68,-4.25
2011-10-04,south_central,1.08,74.9,0.03,0.22,0.14,0.03,-5.37,-2.28
2011-10-11,south_central,0.94,73.8,0.17,0.13,0.21,0.03,-5.12,-1.04
2011-10-18,south_central,0.0,68.8,0.24,-0.48,0.0,0.03,-5.31,-1.23
2011-10-25,south_central,0.04,69.3,0.03,-0.51,0.0,0.03,-5.35,-1.73
2011-11-01,south_central,0.02,60.0,0.03,-0.36,0.0,0.03,-5.33,-1.61
2011-11-08,south_central,0.05,63.5,0.03,-0.42,0.0,0.03,-5.34,-1.63
2011-11-15,south_central,0.61,67.7,0.03,-0.07,0.06,0.03,-5.23,-0.9
2011-11-22,south_central,0.8,67.3,0.09,0.09,0.34,0.03,-5.02,-0.46
2011-11-29,south_central,0.4,55.4,0.37,-0.04,0.55,0.03,-4.91,-0.27
2011-12-06,south_central,0.67,48.5,0.58,0.25,1.0,0.17,-4.6,-0.11
2011-12-13,south_central,0.44,59.5,1.17,-0.17,1.0,0.33,-4.58,-0.08
2011-12-20,south_central,1.45,53.9,1.33,0.89,1.0,1.62,-3.83,0.26
2011-12-27,south_central,0.02,52.4,2.62,-0.47,0.88,1.62,-4.04,-0.03
2012-01-03,south_central,0.0,55.6,2.5,-0.55,0.69,1.62,-4.4,-0.01
2012-01-10,south_central,0.71,52.4,2.31,0.21,1.0,1.88,-4.03,0.19
2012-01-17,south_central,0.0,59.4,2.88,-0.58,0.72,1.88,-4.31,0.01
2012-01-24,south_central,1.97,60.2,2.6,1.31,1.0,3.26,-3.25,0.73
2012-01-31,south_central,1.47,62.2,4.26,0.81,1.0,4.36,-2.56,0.89
2012-02-07,south_central,0.35,50.3,5.36,-0.04,1.0,4.6,-2.5,0.55
2012-02-14,south_central,1.95,55.4,5.6,1.41,1.0,6.35,-1.41,1.45
2012-02-21,south_central,0.11,61.0,7.35,-0.42,0.76,6.35,-1.64,0.73
2012-02-28,south_central,0.06,65.2,7.11,-0.6,0.33,6.35,-1.98,0.23
2012-03-06,south_central,1.31,59.4,6.68,0.82,1.0,6.67,-1.33,0.92
2012-03-13,south_central,0.27,69.9,7.67,-0.48,0.56,6.67,-1.59,0.45
2012-03-20,south_central,1.97,67.7,7.23,1.44,1.0,7.0,-0.51,1.41
2012-03-27,south_central,0.46,72.2,8.0,-0.24,0.62,7.0,-0.63,0.83
2012-04-03,south_central,0.21,74.4,7.62,-0.56,0.0,6.87,-0.97,0.36
2012-03-01,south_central,1.31,59.4,6.68,0.82,1.0,6.67,-1.33,0.92
2012-03-08,south_central,0.27,69.9,7.67,-0.48,0.56,6.67,-1.59,0.45
2012-03-15,south_central,1.97,67.7,7.23,1.44,1.0,7.0,-0.51,1.41
2012-03-22,south_central,0.46,72.2,8.0,-0.24,0.62,7.0,-0.63,0.83
2012-03-29,south_central,0.21,74.4,7.62,-0.56,0.0,6.87,-0.97,0.36
2012-04-05,south_central,0.01,72.6,6.87,-0.7,0.0,6.11,-1.38,0.05
2012-04-12,south_central,0.67,69.8,6.11,0.03,0.0,6.04,-1.29,0.09
2012-04-19,south_central,0.0,73.2,6.04,-0.72,0.0,5.32,-1.72,-0.2
2012-04-26,south_central,0.51,80.3,5.32,-0.59,0.0,4.71,-2.04,-0.49
2012-05-03,south_central,2.73,75.2,4.71,1.34,1.0,5.35,-1.07,0.98
2012-05-10,south_central,0.84,73.3,6.35,0.03,0.85,5.35,-0.99,0.62
2012-05-17,south_central,0.0,79.4,6.2,-0.76,0.0,4.98,-1.45,0.02
2012-05-24,south_central,0.04,81.9,4.98,-0.84,0.0,4.03,-1.94,-0.78
2012-05-31,south_central,0.43,82.1,4.03,-0.57,0.0,3.45,-2.7,-1.21
2012-06-07,south_central,0.17,84.4,3.45,-0.77,0.0,2.8,-2.89,-1.97
2012-06-14,south_central,0.37,82.3,2.8,-0.57,0.0,2.37,-3.01,-2.32
2012-06-21,south_central,0.48,86.1,2.37,-0.54,0.0,2.0,-3.11,-2.6
2012-06-28,south_central,0.37,84.0,2.0,-0.55,0.0,1.68,-3.22,-2.9
2012-07-05,south_central,3.07,82.4,1.68,1.55,1.0,2.16,-1.99,-0.55
2012-07-12,south_central,0.6,83.3,3.16,0.14,0.0,2.16,-1.81,0.15
2012-07-19,south_central,0.06,84.9,2.16,-0.58,0.0,1.73,-2.16,-0.93
2012-07-26,south_central,0.0,86.0,1.73,-0.61,0.0,1.37,-2.52,-2.04
2012-08-02,south_central,0.27,85.7,1.37,-0.35,0.0,1.13,-2.69,-2.24
2012-08-09,south_central,0.98,87.0,1.13,0.31,0.0,1.03,-2.38,-0.8
2012-08-16,south_central,0.13,82.8,1.03,-0.42,0.0,0.85,-2.74,-1.58
2012-08-23,south_central,0.18,86.0,0.85,-0.47,0.0,0.7,-2.83,-2.18
2012-08-30,south_central,0.03,85.9,0.7,-0.69,0.0,0.57,-2.99,-3.07
2012-09-06,south_central,1.24,77.3,0.57,0.58,0.11,0.57,-2.47,-0.88
2012-09-13,south_central,0.88,75.3,0.68,0.25,0.0,0.57,-2.2,0.02
2012-09-20,south_central,2.13,79.2,0.57,1.09,0.92,0.57,-1.32,0.25
2012-09-27,south_central,0.14,73.2,1.49,-0.29,0.21,0.57,-1.47,0.17
2012-10-04,south_central,0.38,71.5,0.78,-0.22,0.0,0.56,-1.56,0.08
2012-10-11,south_central,0.22,72.9,0.56,-0.43,0.0,0.52,-1.81,-0.1
2012-10-18,south_central,0.23,72.1,0.52,-0.42,0.0,0.49,-2.04,-0.7
2012-10-25,south_central,0.23,64.9,0.49,-0.26,0.0,0.48,-2.16,-0.69
2012-11-01,south_central,0.02,69.6,0.48,-0.57,0.0,0.44,-2.53,-1.35
2012-11-08,south_central,0.06,58.1,0.44,-0.33,0.0,0.43,-2.58,-1.18
2012-11-15,south_central,0.03,62.6,0.43,-0.49,0.0,0.41,-2.68,-1.32
2012-11-22,south_central,0.05,61.8,0.41,-0.52,0.0,0.39,-2.78,-1.35
2012-11-29,south_central,0.15,68.1,0.39,-0.67,0.0,0.37,-2.93,-1.54
2012-12-06,south_central,0.17,55.4,0.37,-0.4,0.0,0.37,-2.99,-1.05
2012-12-13,south_central,0.21,58.9,0.37,-0.47,0.0,0.37,-3.07,-0.78
2012-12-20,south_central,0.06,50.9,0.37,-0.5,0.0,0.37,-3.16,-0.61
2012-12-27,south_central,0.52,46.3,0.37,0.0,0.46,0.37,-3.06,-0.37
2013-01-03,south_central,2.42,55.0,0.83,1.8,1.0,2.07,-1.66,0.28
2013-01-10,south_central,0.06,46.5,3.07,-0.33,1.0,2.07,-1.82,-0.12
2013-01-17,south_central,0.0,61.7,3.07,-0.63,0.65,2.07,-2.2,-0.09
2013-01-24,south_central,0.02,62.3,2.72,-0.64,0.3,2.07,-2.59,-0.05
2013-01-31,south_central,0.73,63.5,2.37,-0.04,0.62,2.07,-2.54,0.08
2013-02-07,south_central,0.19,56.1,2.69,-0.4,0.59,2.07,-2.76,-0.02
2013-02-14,south_central,0.08,59.7,2.66,-0.61,0.36,2.07,-2.89,-0.01
2013-02-21,south_central,0.01,53.6,2.43,-0.58,0.2,2.07,-3.01,0.0
2013-03-01,south_central,0.37,59.3,2.27,-0.32,0.26,2.07,-3.04,0.02
2013-03-08,south_central,0.02,61.1,2.33,-0.66,0.0,2.05,-3.18,-0.09
2013-03-15,south_central,0.14,69.3,2.05,-0.8,0.0,1.91,-3.37,-0.75
2013-03-22,south_central,0.0,58.7,1.91,-0.51,0.0,1.84,-3.46,-0.91
2013-03-29,south_central,1.33,64.5,1.84,0.79,0.82,1.84,-2.79,-0.31
2013-04-05,south_central,0.18,67.3,2.66,-0.35,0.37,1.84,-2.95,-0.26
2013-04-12,south_central,0.21,69.0,2.21,-0.44,0.0,1.81,-3.22,-0.26
2013-04-19,south_central,1.16,62.5,1.81,0.56,0.7,1.81,-2.67,0.09
2013-04-26,south_central,0.61,68.7,2.51,-0.04,0.58,1.81,-2.61,0.02
2013-05-03,south_central,0.9,69.4,2.39,0.11,0.71,1.81,-2.44,0.09
2013-05-10,south_central,0.23,75.3,2.52,-0.6,0.0,1.77,-2.91,0.01
2013-05-17,south_central,1.73,80.1,1.77,0.18,0.26,1.77,-2.57,0.13
2013-05-24,south_central,0.33,81.8,2.03,-0.77,0.0,1.56,-2.97,-0.92
2013-05-31,south_central,0.65,79.2,1.56,-0.46,0.0,1.41,-3.05,-1.43
2013-06-07,south_central,0.63,82.3,1.41,-0.54,0.0,1.24,-3.15,-2.03
2013-06-14,south_central,0.03,85.2,1.24,-0.99,0.0,0.98,-3.4,-3.57
2013-06-21,south_central,0.11,87.2,0.98,-0.95,0.0,0.78,-3.63,-4.6
2013-06-28,south_central,0.14,81.9,0.78,-0.79,0.0,0.64,-3.8,-4.98
2013-07-05,south_central,0.19,85.5,0.64,-0.79,0.0,0.52,-3.97,-5.31
2013-07-12,south_central,1.65,82.1,0.52,0.44,0.08,0.52,-3.54,-2.49
2013-07-19,south_central,0.3,85.2,0.6,-0.55,0.0,0.44,-3.81,-3.04
2013-07-26,south_central,0.0,86.7,0.44,-0.8,0.0,0.35,-3.98,-4.16
2013-08-02,south_central,0.13,88.0,0.35,-0.65,0.0,0.28,-4.1,-4.56
2013-08-09,south_central,0.3,85.9,0.28,-0.43,0.0,0.23,-4.14,-4.23
2013-08-16,south_central,0.19,83.4,0.23,-0.48,0.0,0.19,-4.2,-4.12
2013-08-23,south_central,0.79,83.8,0.19,0.09,0.0,0.17,-4.02,-2.54
2013-08-30,south_central,0.44,85.1,0.17,-0.32,0.0,0.15,-4.08,-2.5
2013-09-06,south_central,1.0,82.1,0.15,0.2,0.0,0.14,-3.82,-1.12
2013-09-13,south_central,2.44,81.3,0.14,1.46,1.0,0.22,-2.66,0.13
2013-09-20,south_central,0.99,78.6,1.22,0.43,0.81,0.22,-2.27,0.17
2013-09-27,south_central,0.45,79.6,1.03,-0.24,0.04,0.22,-2.34,0.13
2013-10-04,south_central,0.84,71.8,0.26,0.11,0.1,0.22,-2.18,0.06
2013-10-11,south_central,2.02,69.8,0.32,1.07,1.0,0.67,-1.34,0.34
2013-10-18,south_central,0.52,65.7,1.67,0.06,1.0,0.69,-1.23,0.25
2013-10-25,south_central,1.86,72.7,1.69,1.01,1.0,1.77,-0.47,0.64
2013-11-01,south_central,0.38,62.6,2.77,0.0,1.0,1.77,-0.42,0.34
2013-11-08,south_central,0.01,59.2,2.77,-0.29,0.73,1.77,-0.58,0.25
2013-11-15,south_central,0.63,64.4,2.5,0.14,0.93,1.77,-0.44,0.28
2013-11-22,south_central,0.88,45.3,2.7,0.59,1.0,2.53,0.0,0.49
2013-11-29,south_central,0.02,56.3,3.53,-0.36,0.81,2.53,-0.21,0.14
2013-12-06,south_central,0.11,43.7,3.34,-0.19,0.88,2.53,-0.3,0.12
2013-12-13,south_central,0.26,56.4,3.41,-0.23,0.93,2.53,-0.42,0.09
2013-12-20,south_central,0.14,48.5,3.46,-0.26,0.99,2.53,-0.55,0.07
2013-12-27,south_central,0.03,46.4,3.52,-0.36,0.96,2.53,-0.74,0.03
2014-01-03,south_central,0.65,49.8,3.49,0.22,1.0,3.04,-0.55,0.29
2014-01-10,south_central,0.01,54.2,4.04,-0.44,0.84,3.04,-0.79,0.03
2014-01-17,south_central,0.08,49.5,3.88,-0.31,0.82,3.04,-0.95,0.02
2014-01-24,south_central,0.04,50.1,3.86,-0.36,0.75,3.04,-1.13,0.01
2014-01-31,south_central,0.21,42.2,3.79,-0.15,0.93,3.04,-1.17,0.1
2014-02-07,south_central,0.08,50.1,3.97,-0.36,0.9,3.04,-1.34,0.01
2014-02-14,south_central,0.0,65.4,3.94,-0.78,0.41,3.04,-2.36,0.0
2014-02-21,south_central,0.33,58.8,3.45,-0.32,0.45,3.04,-2.41,0.02
2014-03-01,south_central,1.37,49.3,3.49,0.91,1.0,3.76,-1.2,0.66
2014-03-08,south_central,0.29,58.0,4.76,-0.22,1.0,3.77,-1.3,0.17
2014-03-15,south_central,0.14,62.5,4.77,-0.43,0.72,3.77,-1.51,0.03
2014-03-22,south_central,0.35,63.2,4.49,-0.16,0.62,3.77,-1.55,0.05
2014-03-29,south_central,0.06,69.3,4.39,-0.59,0.0,3.76,-2.3,0.06
2014-04-05,south_central,0.2,64.6,3.76,-0.34,0.0,3.61,-2.36,-0.16
2014-04-12,south_central,0.43,61.8,3.61,-0.02,0.01,3.61,-2.31,-0.04
2014-04-19,south_central,0.0,72.7,3.62,-0.81,0.0,3.2,-2.52,-0.81
2014-04-26,south_central,0.01,71.6,3.2,-0.76,0.0,2.86,-2.71,-1.37
2014-05-03,south_central,1.03,74.5,2.86,-0.03,0.0,2.85,-2.65,-0.77
2014-05-10,south_central,2.76,70.2,2.85,1.41,1.0,3.79,-1.51,0.54
2014-05-17,south_central,0.08,76.5,4.79,-0.64,0.0,3.74,-1.92,0.27
2014-05-24,south_central,3.09,76.9,3.74,1.38,1.0,4.6,-0.82,1.17
2014-05-31,south_central,0.0,81.4,5.6,-0.74,0.0,4.29,-1.32,0.56
2014-06-07,south_central,1.06,81.4,4.29,-0.06,0.0,4.03,-1.3,0.06
2014-06-14,south_central,0.13,83.8,4.03,-0.72,0.0,3.26,-1.76,-0.91
2014-06-21,south_central,1.14,82.1,3.26,0.06,0.0,3.08,-1.65,-0.5
2014-06-28,south_central,0.35,83.2,3.08,-0.49,0.0,2.59,-2.15,-1.18
2014-07-05,south_central,0.12,82.5,2.59,-0.63,0.0,2.11,-2.31,-2.0
2014-07-12,south_central,1.0,82.9,2.11,0.06,0.0,1.95,-2.19,-1.24
2014-07-19,south_central,0.1,85.5,1.95,-0.61,0.0,1.56,-2.38,-2.18
2014-07-26,south_central,0.32,84.7,1.56,-0.38,0.0,1.3,-2.45,-2.39
2014-08-02,south_central,0.0,85.2,1.3,-0.62,0.0,1.03,-2.59,-3.12
2014-08-09,south_central,0.2,86.3,1.03,-0.43,0.0,0.84,-2.67,-3.2
2014-08-16,south_central,0.16,87.9,0.84,-0.48,0.0,0.68,-2.76,-3.38
2014-08-23,south_central,0.41,85.2,0.68,-0.24,0.0,0.58,-2.77,-2.88
2014-08-30,south_central,0.6,85.0,0.58,-0.11,0.0,0.51,-2.74,-2.18
2014-09-06,south_central,1.17,82.0,0.51,0.41,0.0,0.49,-2.35,-0.44
2014-09-13,south_central,1.74,79.7,0.49,0.9,0.47,0.49,-1.59,0.12
2014-09-20,south_central,0.84,77.1,0.96,0.21,0.22,0.49,-1.38,0.15
2014-09-27,south_central,0.59,77.3,0.71,-0.16,0.0,0.47,-1.44,0.08
2014-10-04,south_central,0.4,78.6,0.47,-0.45,0.0,0.43,-1.7,-0.07
2014-10-11,south_central,0.31,71.2,0.43,-0.32,0.0,0.41,-1.87,-0.49
2014-10-18,south_central,0.1,72.2,0.41,-0.52,0.0,0.38,-2.32,-1.24
2014-10-25,south_central,0.49,70.6,0.38,-0.18,0.0,0.37,-2.32,-0.86
2014-11-01,south_central,2.4,63.8,0.37,1.54,1.0,1.35,-1.01,-0.04
2014-11-08,south_central,0.14,50.5,2.35,-0.1,1.0,1.38,-1.03,-0.2
2014-11-15,south_central,1.55,53.3,2.38,1.13,1.0,2.77,-0.15,0.44
2014-11-22,south_central,0.0,58.8,3.77,-0.35,0.73,2.77,-0.37,0.04
2014-11-29,south_central,0.11,61.8,3.5,-0.37,0.5,2.77,-0.6,0.02
2014-12-06,south_central,0.09,59.6,3.27,-0.41,0.31,2.77,-0.85,0.02
2014-12-13,south_central,1.15,59.5,3.08,0.57,1.0,2.95,-0.4,0.41
2014-12-20,south_central,0.31,56.5,3.95,-0.19,1.0,3.05,-0.5,0.08
2014-12-27,south_central,0.78,43.4,4.05,0.43,1.0,3.8,-0.16,0.43
2015-01-03,south_central,0.77,41.1,4.8,0.46,1.0,4.55,0.2,0.5
2015-01-10,south_central,0.12,45.1,5.55,-0.17,1.0,4.62,0.09,0.07
2015-01-17,south_central,1.49,53.9,5.62,1.07,1.0,5.95,0.86,1.06
2015-01-24,south_central,0.11,58.1,6.95,-0.31,0.85,5.95,0.63,0.54
2015-01-31,south_central,0.46,49.9,6.8,0.14,1.0,6.16,0.73,0.34
2015-02-07,south_central,0.0,60.7,7.16,-0.5,0.67,6.16,0.39,0.01
2015-02-14,south_central,0.11,56.8,6.83,-0.34,0.54,6.16,0.17,0.01
2015-02-21,south_central,0.29,43.9,6.7,-0.01,0.79,6.16,0.18,0.22
2015-03-01,south_central,0.46,48.4,6.95,0.14,1.0,6.32,0.29,0.34
2015-03-08,south_central,2.65,57.8,7.32,2.28,1.0,7.0,1.35,2.37
2015-03-15,south_central,2.67,65.8,8.0,2.21,1.0,7.0,2.05,3.36
2015-03-22,south_central,0.05,65.6,8.0,-0.49,0.51,7.0,1.6,1.75
2015-03-29,south_central,0.07,71.3,7.51,-0.62,0.0,6.81,1.06,0.93
2015-04-05,south_central,0.52,71.9,6.81,-0.16,0.0,6.53,0.89,0.42
2015-04-12,south_central,3.21,71.1,6.53,2.58,1.0,7.0,2.32,2.45
2015-04-19,south_central,1.55,72.0,8.0,0.86,1.0,7.0,2.55,2.09
2015-04-26,south_central,0.33,68.9,8.0,-0.22,0.6,7.0,2.3,1.2
2015-05-03,south_central,0.42,75.9,7.6,-0.37,0.0,6.9,1.94,0.73
2015-05-10,south_central,3.81,75.5,6.9,2.21,1.0,7.0,2.91,3.01
2015-05-17,south_central,3.5,77.9,8.0,1.84,1.0,7.0,3.45,4.03
2015-05-24,south_central,2.76,77.9,8.0,1.29,1.0,7.0,3.79,3.82
2015-05-31,south_central,0.02,78.0,8.0,-0.58,0.0,6.74,3.26,2.2
2015-06-07,south_central,0.6,81.7,6.74,-0.26,0.0,5.93,2.97,1.26
2015-06-14,south_central,3.77,80.6,5.93,2.05,1.0,7.0,3.92,3.07
2015-06-21,south_central,0.38,82.4,8.0,-0.21,0.0,6.81,3.66,2.24
2015-06-28,south_central,0.75,81.8,6.81,0.1,0.0,6.11,3.62,1.6
2015-07-05,south_central,0.0,83.5,6.11,-0.44,0.0,4.86,3.2,0.71
2015-07-12,south_central,0.0,84.2,4.86,-0.47,0.0,3.86,2.76,0.16
2015-07-19,south_central,0.0,85.4,3.86,-0.49,0.0,3.05,2.32,-0.44
2015-07-26,south_central,0.12,86.3,3.05,-0.4,0.0,2.45,1.95,-0.99
2015-08-02,south_central,0.05,86.4,2.45,-0.45,0.0,1.95,1.55,-1.57
2015-08-09,south_central,0.2,88.0,1.95,-0.33,0.0,1.58,1.24,-1.79
2015-08-16,south_central,0.94,83.8,1.58,0.39,0.0,1.46,1.46,-0.35
2015-08-23,south_central,0.04,83.7,1.46,-0.48,0.0,1.19,1.05,-1.3
2015-08-30,south_central,0.4,82.3,1.19,-0.19,0.0,1.03,0.87,-1.28
2015-09-06,south_central,1.37,83.6,1.03,0.64,0.0,1.02,1.25,0.08
2015-09-13,south_central,0.17,80.0,1.02,-0.54,0.0,0.87,0.82,-0.68
2015-09-20,south_central,0.18,79.8,0.87,-0.58,0.0,0.75,0.36,-1.61
2015-09-27,south_central,0.01,77.3,0.75,-0.69,0.0,0.65,-0.15,-2.47
2015-10-04,south_central,0.22,75.4,0.65,-0.48,0.0,0.59,-0.5,-2.53
2015-10-11,south_central,0.01,77.2,0.59,-0.72,0.0,0.51,-1.0,-3.13
2015-10-18,south_central,5.69,73.5,0.51,3.82,1.0,4.37,1.53,0.13
2015-10-25,south_central,2.13,69.3,5.37,1.33,1.0,5.87,2.66,1.26
2015-11-01,south_central,0.88,69.9,6.87,0.35,1.0,6.1,2.71,1.01
2015-11-08,south_central,0.06,65.8,7.1,-0.27,0.58,6.1,2.2,0.66
2015-11-15,south_central,1.0,65.1,6.68,0.55,1.0,6.23,2.67,0.75
2015-11-22,south_central,0.92,58.4,7.23,0.59,1.0,6.89,2.8,0.89
2015-11-29,south_central,0.07,51.2,7.89,-0.11,0.95,6.89,2.63,0.36
2015-12-06,south_central,1.16,62.6,7.84,0.72,1.0,7.0,2.86,0.93
2015-12-13,south_central,0.35,56.5,8.0,0.04,1.0,7.0,2.8,0.54
2015-12-20,south_central,0.06,66.2,8.0,-0.51,0.59,7.0,2.34,0.09
2015-12-27,south_central,1.61,49.5,7.59,1.34,1.0,7.0,2.94,1.57
2016-01-03,south_central,0.44,52.3,8.0,0.15,1.0,7.0,2.92,1.12
2016-01-10,south_central,0.11,50.7,8.0,-0.15,1.0,7.0,2.72,0.58
2016-01-17,south_central,0.01,51.1,8.0,-0.26,0.89,7.0,2.45,0.07
2016-01-24,south_central,0.14,54.3,7.89,-0.18,0.86,7.0,2.23,0.03
2016-01-31,south_central,0.04,56.0,7.86,-0.32,0.69,7.0,1.91,0.03
2016-02-07,south_central,0.0,56.6,7.69,-0.39,0.46,7.0,1.55,0.02
2016-02-14,south_central,0.0,64.7,7.46,-0.61,0.0,7.0,1.04,0.01
2016-02-21,south_central,1.58,60.1,7.0,1.01,1.0,7.0,1.72,1.2
2016-03-01,south_central,0.0,65.9,8.0,-0.64,0.48,7.0,1.18,0.61
2016-03-08,south_central,3.23,67.0,7.48,2.61,1.0,7.0,2.73,2.78
2016-03-15,south_central,0.32,70.0,8.0,-0.4,0.61,7.0,2.35,1.45
2016-03-22,south_central,0.37,58.9,7.61,0.01,0.67,7.0,2.28,0.82
2016-03-29,south_central,0.12,66.2,7.67,-0.4,0.22,7.0,1.9,0.37
2016-04-05,south_central,0.02,64.5,7.22,-0.44,0.0,6.76,1.51,0.09
2016-04-12,south_central,1.27,68.7,6.76,0.71,0.57,6.76,1.98,0.66
2016-04-19,south_central,3.16,71.9,7.33,2.4,1.0,7.0,3.01,2.51
2016-04-26,south_central,0.77,75.6,8.0,-0.03,0.68,7.0,2.9,1.47
2016-05-03,south_central,0.07,69.9,7.68,-0.47,0.0,6.97,2.46,0.89
2016-05-10,south_central,1.14,76.7,6.97,0.14,0.0,6.93,2.48,0.42
2016-05-17,south_central,4.07,72.8,6.93,2.38,1.0,7.0,3.41,3.44
2016-05-24,south_central,2.16,79.9,8.0,0.8,1.0,7.0,3.59,2.81
2016-05-31,south_central,3.07,77.4,8.0,1.55,1.0,7.0,4.02,3.59
2016-06-07,south_central,0.23,79.9,8.0,-0.44,0.0,6.8,3.59,2.2
2016-06-14,south_central,0.14,84.9,6.8,-0.57,0.0,5.48,3.07,1.22
2016-06-21,south_central,0.35,82.9,5.48,-0.4,0.0,4.61,2.69,0.39
2016-06-28,south_central,0.3,83.9,4.61,-0.44,0.0,3.83,2.28,-0.25
2016-07-05,south_central,0.0,86.9,3.83,-0.69,0.0,2.99,1.71,-1.14
2016-07-12,south_central,0.0,86.8,2.99,-0.69,0.0,2.34,1.14,-2.01
2016-07-19,south_central,0.06,86.0,2.34,-0.63,0.0,1.86,0.63,-2.65
2016-07-26,south_central,1.26,84.9,1.86,0.39,0.0,1.77,0.85,-0.98
2016-08-02,south_central,0.0,85.8,1.77,-0.59,0.0,1.4,0.39,-2.0
2016-08-09,south_central,0.71,87.4,1.4,0.04,0.0,1.23,0.37,-1.28
2016-08-16,south_central,4.98,80.8,1.23,4.16,1.0,3.77,3.29,1.74
2016-08-23,south_central,0.77,82.4,4.77,0.86,0.29,3.77,3.5,2.21
2016-08-30,south_central,1.07,82.0,4.06,0.86,0.0,3.73,3.7,1.96
2016-09-06,south_central,0.49,83.3,3.73,0.07,0.0,3.27,3.63,1.26
2016-09-13,south_central,0.14,82.5,3.27,-0.42,0.0,2.75,3.22,0.58
2016-09-20,south_central,0.29,83.6,2.75,-0.44,0.0,2.36,2.8,0.16
2016-09-27,south_central,1.59,75.7,2.36,0.79,0.59,2.36,3.28,0.53
2016-10-04,south_central,0.13,78.0,2.95,-0.47,0.0,2.24,2.84,0.24
2016-10-11,south_central,0.15,75.9,2.24,-0.51,0.0,2.01,2.38,-0.2
2016-10-18,south_central,0.06,76.6,2.01,-0.62,0.0,1.78,1.85,-1.06
2016-10-25,south_central,0.01,72.2,1.78,-0.56,0.0,1.61,1.37,-1.53
2016-11-01,south_central,0.84,75.2,1.61,0.01,0.0,1.6,1.31,-0.67
2016-11-08,south_central,1.34,67.2,1.6,0.63,0.81,1.6,1.69,-0.02
2016-11-15,south_central,0.2,66.8,2.41,-0.27,0.5,1.6,1.43,0.01
2016-11-22,south_central,0.17,61.3,2.1,-0.26,0.34,1.6,1.18,0.03
2016-11-29,south_central,2.15,61.8,1.94,1.55,1.0,2.75,2.21,0.69
2016-12-06,south_central,1.66,49.4,3.75,1.3,1.0,4.32,2.96,1.08
2016-12-13,south_central,0.04,60.2,5.32,-0.43,0.74,4.32,2.55,0.57
2016-12-20,south_central,0.06,51.6,5.06,-0.3,0.68,4.32,2.24,0.05
2016-12-27,south_central,0.15,67.5,5.0,-0.59,0.31,4.32,1.73,0.04
2017-01-03,south_central,0.2,51.6,4.63,-0.2,0.39,4.32,1.51,0.08
2017-01-10,south_central,0.08,61.7,4.71,-0.5,0.13,4.32,1.07,0.04
2017-01-17,south_central,2.29,63.2,4.45,1.62,1.0,5.35,2.2,1.33
2017-01-24,south_central,0.02,57.8,6.35,-0.41,0.77,5.35,1.82,0.69
2017-01-31,south_central,0.07,57.0,6.12,-0.37,0.61,5.35,1.49,0.18
2017-02-07,south_central,0.02,68.4,5.96,-0.73,0.04,5.35,0.89,0.03
2017-02-14,south_central,0.93,63.5,5.39,0.23,0.55,5.35,1.0,0.38
2017-02-21,south_central,1.63,66.5,5.9,0.84,1.0,6.0,1.54,0.9
2017-03-01,south_central,1.0,63.9,7.0,0.36,1.0,6.55,1.74,0.9
2017-03-08,south_central,1.78,69.6,7.55,1.02,1.0,7.0,2.39,1.51
2017-03-15,south_central,0.02,63.2,8.0,-0.51,0.58,7.0,1.93,0.79
2017-03-22,south_central,0.14,72.9,7.58,-0.68,0.0,6.88,1.34,0.32
2017-03-29,south_central,0.88,72.2,6.88,0.16,0.04,6.88,1.4,0.17
2017-04-05,south_central,0.34,67.2,6.92,-0.2,0.0,6.67,1.2,0.11
2017-04-12,south_central,1.05,72.2,6.67,0.38,0.18,6.67,1.42,0.34
2017-04-19,south_central,1.05,74.1,6.85,0.29,0.24,6.67,1.58,0.32
2017-04-26,south_central,0.17,72.1,6.91,-0.49,0.0,6.27,1.15,0.17
2017-05-03,south_central,0.1,69.8,6.27,-0.5,0.0,5.74,0.72,-0.02
2017-05-10,south_central,0.12,74.3,5.74,-0.63,0.0,5.08,0.22,-0.34
2017-05-17,south_central,0.26,78.1,5.08,-0.65,0.0,4.42,-0.3,-0.72
2017-05-24,south_central,1.01,76.2,4.42,-0.04,0.0,4.33,-0.35,-0.41
2017-05-31,south_central,1.69,79.6,4.33,0.21,0.45,4.33,-0.21,0.06
2017-06-07,south_central,0.71,80.0,4.78,-0.77,0.0,4.26,-0.78,-0.17
2017-06-14,south_central,0.08,83.9,4.26,-0.74,0.0,3.42,-1.23,-1.0
2017-06-21,south_central,0.66,84.7,3.42,-0.37,0.0,2.98,-1.32,-1.22
2017-06-28,south_central,1.03,82.8,2.98,-0.03,0.0,2.76,-1.3,-0.86
2017-07-05,south_central,0.16,85.4,2.76,-0.67,0.0,2.23,-1.49,-1.81
2017-07-12,south_central,0.5,85.3,2.23,-0.39,0.0,1.9,-1.58,-2.03
2017-07-19,south_central,0.22,85.4,1.9,-0.56,0.0,1.55,-1.73,-2.61
2017-07-26,south_central,0.08,87.4,1.55,-0.66,0.0,1.23,-1.91,-3.31
2017-08-02,south_central,0.49,85.4,1.23,-0.26,0.0,1.05,-1.95,-2.88
2017-08-09,south_central,1.67,84.8,1.05,0.85,0.05,1.05,-1.21,0.01
2017-08-16,south_central,0.0,87.4,1.1,-0.58,0.0,0.84,-1.62,-1.41
2017-08-23,south_central,7.0,83.1,0.84,6.13,1.0,5.33,2.12,2.98
2017-08-30,south_central,2.69,79.2,6.33,2.76,1.0,6.73,2.99,4.68
2017-09-06,south_central,0.01,76.9,7.73,0.05,0.0,6.63,2.93,3.94
2017-09-13,south_central,0.0,77.2,6.63,-0.19,0.0,5.7,2.7,2.72
2017-09-20,south_central,0.41,83.1,5.7,-0.08,0.0,4.98,2.56,1.71
2017-09-27,south_central,2.01,79.3,4.98,1.22,0.8,4.98,3.04,2.19
2017-10-04,south_central,0.73,78.2,5.78,0.12,0.4,4.98,3.0,1.66
2017-10-11,south_central,0.07,76.0,5.38,-0.44,0.0,4.66,2.58,1.08
2017-10-18,south_central,0.06,70.2,4.66,-0.37,0.0,4.29,2.23,0.54
2017-10-25,south_central,0.29,63.7,4.29,-0.09,0.0,4.21,2.08,0.39
2017-11-01,south_central,0.51,68.2,4.21,-0.01,0.0,4.17,2.0,0.38
2017-11-08,south_central,0.17,67.4,4.17,-0.29,0.0,3.98,1.72,0.18
2017-11-15,south_central,0.19,72.4,3.98,-0.43,0.0,3.71,1.33,-0.04
2017-11-22,south_central,0.01,58.2,3.71,-0.33,0.0,3.6,1.03,-0.21
2017-11-29,south_central,0.0,64.1,3.6,-0.51,0.0,3.41,0.61,-0.49
2017-12-06,south_central,2.01,55.2,3.41,1.54,1.0,4.23,1.67,0.68
2017-12-13,south_central,0.79,51.1,5.23,0.46,1.0,4.9,1.93,0.76
2017-12-20,south_central,0.65,59.9,5.9,0.17,1.0,5.26,1.98,0.62
2017-12-27,south_central,0.11,47.6,6.26,-0.17,1.0,5.3,1.78,0.19
2018-01-03,south_central,0.02,41.4,6.3,-0.22,1.0,5.3,1.56,-0.05
2018-01-10,south_central,0.04,54.6,6.3,-0.34,0.86,5.3,1.26,-0.02
2018-01-17,south_central,0.26,42.8,6.16,0.0,1.0,5.39,1.21,0.17
2018-01-24,south_central,0.42,56.1,6.39,0.01,1.0,5.6,1.15,0.18
2018-01-31,south_central,0.02,56.3,6.6,-0.38,0.8,5.6,0.83,0.01
2018-02-07,south_central,0.28,54.1,6.4,-0.12,0.91,5.6,0.71,0.09
2018-02-14,south_central,0.09,55.5,6.51,-0.34,0.79,5.6,0.43,0.01
2018-02-21,south_central,0.88,58.0,6.39,0.36,1.0,6.0,0.64,0.52
2018-02-28,south_central,0.41,64.8,7.0,-0.25,0.93,6.0,0.43,0.02
