final_date,soil_moisture,pdsi
1988-03-01,4.79,0.0
1988-03-08,4.67,0.0
1988-03-15,4.24,0.0
1988-03-22,5.59,0.0
1988-03-29,5.0,0.0
1988-04-05,4.84,0.0
1988-04-12,4.47,0.0
1988-04-19,4.32,0.0
1988-04-26,3.96,0.0
1988-05-03,4.12,0.0
1988-05-10,3.65,0.0
1988-05-17,3.56,0.0
1988-05-24,3.57,0.0
1988-05-31,3.12,0.0
1988-06-07,4.01,0.0
1988-06-14,2.93,0.0
1988-06-21,2.45,0.0
1988-06-28,2.07,0.0
1988-07-05,1.74,0.0
1988-07-12,1.59,0.0
1988-07-19,1.33,0.0
1988-07-26,1.24,0.0
1988-08-02,1.02,0.0
1988-08-09,0.88,0.0
1988-08-16,0.71,0.0
1988-08-23,0.6,0.0
1988-08-30,0.48,0.0
1988-09-06,0.42,0.0
1988-09-13,0.36,0.0
1988-09-20,0.34,0.0
1988-09-27,0.29,0.0
1988-10-04,0.36,0.0
1988-10-11,0.27,0.0
1988-10-18,0.25,0.0
1988-10-25,0.22,0.0
1988-11-01,0.2,0.0
1988-11-08,0.53,0.0
1988-11-15,0.19,0.0
1988-11-22,0.18,0.0
1988-11-29,0.17,0.0
1988-12-06,0.17,0.0
1988-12-13,0.66,0.0
1988-12-20,0.76,0.0
1988-12-27,0.42,0.0
1989-01-03,0.5,0.0
1989-01-10,0.17,0.0
1989-01-17,0.94,0.0
1989-01-24,2.81,0.0
1989-01-31,3.63,0.0
1989-02-07,4.32,0.0
1989-02-14,4.42,0.0
1989-02-21,4.37,0.0
1989-03-01,4.17,0.0
1989-03-08,4.04,0.0
1989-03-15,3.96,0.0
1989-03-22,3.2,0.0
1989-03-29,3.69,0.0
1989-04-05,4.0,0.0
1989-04-12,3.16,0.0
1989-04-19,3.76,0.0
1989-04-26,3.39,0.0
1989-05-03,2.97,0.0
1989-05-10,3.0,0.0
1989-05-17,2.85,0.0
1989-05-24,3.0,0.0
1989-05-31,2.37,0.0
1989-06-07,1.89,0.0
1989-06-14,1.63,0.0
1989-06-21,2.54,0.0
1989-06-28,1.61,0.0
1989-07-05,1.45,0.0
1989-07-12,1.22,0.0
1989-07-19,0.98,0.0
1989-07-26,0.77,0.0
1989-08-02,0.7,0.0
1989-08-09,0.62,0.0
1989-08-16,0.55,0.0
1989-08-23,0.47,0.0
1989-08-30,0.38,0.0
1989-09-06,0.3,0.0
1989-09-13,0.26,0.0
1989-09-20,0.25,0.0
1989-09-27,0.22,0.0
1989-10-04,0.2,0.0
1989-10-11,0.2,0.0
1989-10-18,0.18,0.0
1989-10-25,0.17,0.0
1989-11-01,0.16,0.0
1989-11-08,0.82,0.0
1989-11-15,0.16,0.0
1989-11-22,0.34,0.0
1989-11-29,1.07,0.0
1989-12-06,1.47,0.0
1989-12-13,1.44,0.0
1989-12-20,1.4,0.0
1989-12-27,1.4,0.0
1990-01-03,1.42,0.0
1990-01-10,1.89,0.0
1990-01-17,1.91,0.0
1990-01-24,1.83,0.0
1990-01-31,1.73,0.0
1990-02-07,2.28,0.0
1990-02-14,2.19,0.0
1990-02-21,2.09,0.0
1990-02-28,3.59,0.0
1990-03-01,3.31,0.0
1990-03-08,2.94,0.0
1990-03-15,3.1,0.0
1990-03-22,2.66,0.0
1990-03-29,3.91,0.0
1990-04-05,3.82,0.0
1990-04-12,3.88,0.0
1990-04-19,3.11,0.0
1990-04-26,4.72,0.0
1990-05-03,4.87,0.0
1990-05-10,4.21,0.0
1990-05-17,3.48,0.0
1990-05-24,2.94,0.0
1990-05-31,2.38,0.0
1990-06-07,1.99,0.0
1990-06-14,1.6,0.0
1990-06-21,1.25,0.0
1990-06-28,1.01,0.0
1990-07-05,0.82,0.0
1990-07-12,0.69,0.0
1990-07-19,3.62,0.0
1990-07-26,2.63,0.0
1990-08-02,2.26,0.0
1990-08-09,1.88,0.0
1990-08-16,1.53,0.0
1990-08-23,1.24,0.0
1990-08-30,1.04,0.0
1990-09-06,0.9,0.0
1990-09-13,1.67,0.0
1990-09-20,0.95,0.0
1990-09-27,0.79,0.0
1990-10-04,0.68,0.0
1990-10-11,1.27,0.0
1990-10-18,1.0,0.0
1990-10-25,1.25,0.0
1990-11-01,0.68,0.0
1990-11-08,2.22,0.0
1990-11-15,1.83,0.0
1990-11-22,1.5,0.0
1990-11-29,1.2,0.0
1990-12-06,1.18,0.0
1990-12-13,1.13,0.0
1990-12-20,1.11,0.0
1990-12-27,1.69,0.0
1991-01-03,3.25,0.0
1991-01-10,5.38,0.0
1991-01-17,7.53,0.0
1991-01-24,7.86,0.0
1991-01-31,7.93,0.0
1991-02-07,8.0,0.0
1991-02-14,7.69,0.0
1991-02-21,8.0,0.0
1991-03-01,7.73,0.0
1991-03-08,7.24,0.0
1991-03-15,7.7,0.0
1991-03-22,7.49,0.0
1991-03-29,7.1,0.0
1991-04-05,8.0,0.0
1991-04-12,7.74,0.0
1991-04-19,8.0,0.0
1991-04-26,7.01,0.0
1991-05-03,7.2,0.0
1991-05-10,7.5,0.0
1991-05-17,7.08,0.0
1991-05-24,6.2,0.0
1991-05-31,5.14,0.0
1991-06-07,4.65,0.0
1991-06-14,4.3,0.0
1991-06-21,3.97,0.0
1991-06-28,3.99,0.0
1991-07-05,3.96,0.0
1991-07-12,3.48,0.0
1991-07-19,2.83,0.0
1991-07-26,2.44,0.0
1991-08-02,2.0,0.0
1991-08-09,1.67,0.0
1991-08-16,1.46,0.0
1991-08-23,1.25,0.0
1991-08-30,1.12,0.0
1991-09-06,2.07,0.0
1991-09-13,1.5,0.0
1991-09-20,1.21,0.0
1991-09-27,1.6,0.0
1991-10-04,1.09,0.0
1991-10-11,1.0,0.0
1991-10-18,0.9,0.0
1991-10-25,0.8,0.65
1991-11-01,2.5,0.59
1991-11-08,2.62,0.41
1991-11-15,2.46,0.67
1991-11-22,2.96,0.38
1991-11-29,2.74,0.14
1991-12-06,2.69,0.12
1991-12-13,2.93,2.57
1991-12-20,8.0,3.58
1991-12-27,8.0,3.53
1992-01-03,8.0,3.56
1992-01-10,8.0,3.96
1992-01-17,8.0,3.98
1992-01-24,8.0,4.39
1992-01-31,8.0,5.27
1992-02-07,8.0,5.15
1992-02-14,8.0,5.34
1992-02-21,8.0,5.56
1992-03-01,8.0,6.04
1992-03-08,8.0,5.57
1992-03-15,7.69,5.07
1992-03-22,7.24,5.6
1992-03-29,8.0,5.73
1992-04-05,8.0,5.79
1992-04-12,8.0,6.14
1992-04-19,8.0,6.02
1992-04-26,7.92,5.54
1992-05-03,7.23,5.3
1992-05-10,6.99,5.73
1992-05-17,8.0,6.23
1992-05-24,8.0,6.19
1992-05-31,8.0,6.49
1992-06-07,8.0,6.47
1992-06-14,8.0,5.9
1992-06-21,6.45,5.55
1992-06-28,5.5,5.52
1992-07-05,5.07,5.0
1992-07-12,4.02,4.53
1992-07-19,3.25,4.86
1992-07-26,3.23,4.46
1992-08-02,2.62,4.38
1992-08-09,2.3,4.46
1992-08-16,2.09,4.23
1992-08-23,1.84,3.93
1992-08-30,1.56,3.62
1992-09-06,1.33,3.58
1992-09-13,1.22,3.24
1992-09-20,1.08,3.03
1992-09-27,1.01,2.59
1992-10-04,0.91,2.26
1992-10-11,0.86,2.06
1992-10-18,0.83,1.6
1992-10-25,0.75,1.46
1992-11-01,0.74,1.55
1992-11-08,1.16,1.8
1992-11-15,1.77,3.71
1992-11-22,4.38,3.64
1992-11-29,4.58,2.92
1992-12-06,4.53,2.85
1992-12-13,4.79,3.79
1992-12-20,6.43,3.4
1992-12-27,6.41,3.11
1993-01-03,6.34,3.56
1993-01-10,7.18,3.48
1993-01-17,7.39,3.59
1993-01-24,8.0,3.55
1993-01-31,8.0,3.68
1993-02-07,8.0,3.86
1993-02-14,8.0,3.64
1993-02-21,8.0,3.47
1993-03-01,8.0,3.83
1993-03-08,8.0,4.02
1993-03-15,8.0,4.03
1993-03-22,8.0,3.98
1993-03-29,8.0,3.64
1993-04-05,7.64,4.08
1993-04-12,8.0,3.81
1993-04-19,7.63,3.34
1993-04-26,6.96,3.63
1993-05-03,7.42,4.27
1993-05-10,8.0,4.02
1993-05-17,7.59,3.79
1993-05-24,7.15,4.37
1993-05-31,8.0,3.96
1993-06-07,6.99,3.88
1993-06-14,6.56,4.23
1993-06-21,7.17,4.97
1993-06-28,8.0,4.59
1993-07-05,6.54,4.17
1993-07-12,5.22,3.73
1993-07-19,4.14,3.35
1993-07-26,3.35,2.9
1993-08-02,2.64,2.46
1993-08-09,2.09,2.03
1993-08-16,1.66,1.59
1993-08-23,1.32,1.34
1993-08-30,1.11,0.99
1993-09-06,0.93,0.67
1993-09-13,0.8,0.45
1993-09-20,0.72,-0.12
1993-09-27,0.6,-0.25
1993-10-04,0.56,-0.78
1993-10-11,0.48,-0.74
1993-10-18,0.51,0.15
1993-10-25,2.24,0.04
1993-11-01,2.12,0.11
1993-11-08,2.39,0.04
1993-11-15,2.38,0.02
1993-11-22,2.48,-0.11
1993-11-29,2.47,-0.31
1993-12-06,2.35,-0.63
1993-12-13,2.08,-0.41
1993-12-20,2.78,-0.3
1993-12-27,3.32,-0.59
1994-01-03,3.2,-0.89
1994-01-10,3.05,-1.02
1994-01-17,3.15,-1.08
1994-01-24,3.34,-1.11
1994-01-31,3.57,-1.26
1994-02-07,3.61,-1.27
1994-02-14,3.9,-1.57
1994-02-21,3.68,-1.37
1994-03-01,3.64,-1.3
1994-03-08,3.77,-1.29
1994-03-15,4.03,-0.49
1994-03-22,5.46,-0.93
1994-03-29,4.78,-1.09
1994-04-05,4.56,-1.11
1994-04-12,4.5,-0.99
1994-04-19,4.59,-1.06
1994-04-26,4.41,-1.02
1994-05-03,4.38,-0.69
1994-05-10,5.08,-0.19
1994-05-17,6.07,0.07
1994-05-24,6.54,-0.29
1994-05-31,5.42,-0.4
1994-06-07,5.03,-0.65
1994-06-14,4.33,-0.68
1994-06-21,4.03,-0.76
1994-06-28,3.64,-1.14
1994-07-05,2.87,-1.34
1994-07-12,2.3,-1.53
1994-07-19,1.84,-1.74
1994-07-26,1.45,-1.92
1994-08-02,1.15,-1.91
1994-08-09,1.02,-1.18
1994-08-16,1.11,-1.24
1994-08-23,0.88,-1.03
1994-08-30,0.8,-0.83
1994-09-06,0.74,-0.08
1994-09-13,0.95,0.54
1994-09-20,1.12,0.26
1994-09-27,0.69,-0.17
1994-10-04,0.61,1.07
1994-10-11,2.5,1.08
1994-10-18,2.54,2.23
1994-10-25,6.72,2.3
1994-11-01,7.04,2.31
1994-11-08,7.09,2.02
1994-11-15,6.66,1.72
1994-11-22,6.2,1.38
1994-11-29,5.89,1.74
1994-12-06,6.57,1.67
1994-12-13,6.63,2.35
1994-12-20,8.0,2.06
1994-12-27,7.84,2.65
1995-01-03,8.0,2.57
1995-01-10,8.0,2.56
1995-01-17,8.0,2.37
1995-01-24,8.0,2.39
1995-01-31,8.0,2.06
1995-02-07,7.81,1.7
1995-02-14,7.57,1.59
1995-02-21,7.72,1.49
1995-03-01,8.0,1.9
1995-03-08,8.0,2.0
1995-03-15,8.0,2.29
1995-03-22,8.0,1.59
1995-03-29,7.13,1.6
1995-04-05,7.22,2.36
1995-04-12,8.0,1.94
1995-04-19,7.39,1.71
1995-04-26,6.92,1.35
1995-05-03,6.49,0.79
1995-05-10,5.7,0.95
1995-05-17,5.9,0.44
1995-05-24,5.09,0.31
1995-05-31,4.88,1.52
1995-06-07,7.07,0.99
1995-06-14,5.68,1.07
1995-06-21,5.59,0.76
1995-06-28,4.83,1.01
1995-07-05,4.75,0.92
1995-07-12,4.23,0.53
1995-07-19,3.43,0.08
1995-07-26,2.7,-0.36
1995-08-02,2.11,0.07
1995-08-09,2.06,0.13
1995-08-16,1.83,0.1
1995-08-23,1.58,0.25
1995-08-30,1.43,0.25
1995-09-06,1.26,-0.01
1995-09-13,1.07,-0.32
1995-09-20,0.92,0.45
1995-09-27,1.77,0.14
1995-10-04,0.9,0.16
1995-10-11,0.89,-0.16
1995-10-18,0.82,-0.48
1995-10-25,0.76,-0.75
1995-11-01,0.68,0.5
1995-11-08,2.61,0.41
1995-11-15,2.38,0.7
1995-11-22,3.47,0.59
1995-11-29,3.22,0.45
1995-12-06,2.95,-0.38
1995-12-13,2.64,-0.49
1995-12-20,2.55,0.46
1995-12-27,3.85,0.36
1996-01-03,3.89,-0.38
1996-01-10,3.78,-0.5
1996-01-17,3.71,-0.65
1996-01-24,3.53,-0.8
1996-01-31,3.3,-0.9
1996-02-07,3.28,-1.06
1996-02-14,3.04,-1.24
1996-02-21,2.84,-1.6
1996-02-28,2.55,-1.68
1996-03-01,2.93,-1.66
1996-03-08,2.82,-1.82
1996-03-15,2.58,-1.94
1996-03-22,2.5,-1.81
1996-03-29,2.73,-1.61
1996-04-05,2.91,-1.92
1996-04-12,2.42,-2.16
1996-04-19,2.14,-2.34
1996-04-26,1.94,-2.29
1996-05-03,2.0,-2.51
1996-05-10,1.7,-2.83
1996-05-17,1.38,-3.14
1996-05-24,1.11,-3.3
1996-05-31,0.96,-3.3
1996-06-07,0.91,-3.53
1996-06-14,0.74,-3.75
1996-06-21,0.6,-3.22
1996-06-28,1.12,-3.63
1996-07-05,0.51,-3.78
1996-07-12,0.42,-3.99
1996-07-19,0.33,-4.02
1996-07-26,0.29,-4.19
1996-08-02,0.23,-4.28
1996-08-09,0.19,-4.22
1996-08-16,0.16,-3.0
1996-08-23,0.99,-0.9
1996-08-30,2.62,-0.26
1996-09-06,2.17,0.04
1996-09-13,1.64,1.25
1996-09-20,2.86,1.33
1996-09-27,2.32,1.19
1996-10-04,1.85,0.85
1996-10-11,1.68,0.54
1996-10-18,1.54,0.51
1996-10-25,1.52,0.19
1996-11-01,1.39,0.1
1996-11-08,1.37,-0.16
1996-11-15,1.3,-0.42
1996-11-22,1.23,0.48
1996-11-29,2.92,0.35
1996-12-06,2.87,0.03
1996-12-13,2.57,0.57
1996-12-20,3.74,0.38
1996-12-27,3.72,0.14
1997-01-03,3.58,0.29
1997-01-10,4.13,0.18
1997-01-17,4.23,0.66
1997-01-24,5.27,0.44
1997-01-31,5.12,0.37
1997-02-07,5.24,0.8
1997-02-14,6.28,1.0
1997-02-21,6.89,1.02
1997-03-01,7.17,0.88
1997-03-08,7.11,1.43
1997-03-15,8.0,1.84
1997-03-22,8.0,1.55
1997-03-29,7.66,2.7
1997-04-05,8.0,2.61
1997-04-12,7.9,2.45
1997-04-19,7.77,2.75
1997-04-26,8.0,2.48
1997-05-03,7.56,2.7
1997-05-10,8.0,2.75
1997-05-17,8.0,2.91
1997-05-24,8.0,2.79
1997-05-31,7.53,3.07
1997-06-07,8.0,3.1
1997-06-14,7.81,3.27
1997-06-21,8.0,3.5
1997-06-28,8.0,3.12
1997-07-05,6.46,2.74
1997-07-12,5.12,2.34
1997-07-19,4.07,1.98
1997-07-26,3.27,1.88
1997-08-02,2.8,2.05
1997-08-09,2.54,1.68
1997-08-16,2.02,1.41
1997-08-23,1.65,1.08
1997-08-30,1.37,0.89
1997-09-06,1.19,0.49
1997-09-13,1.0,0.01
1997-09-20,0.83,0.88
1997-09-27,1.95,0.56
1997-10-04,0.95,2.88
1997-10-11,5.2,3.29
1997-10-18,6.88,2.93
1997-10-25,6.16,2.67
1997-11-01,5.81,2.44
1997-11-08,5.62,3.34
1997-11-15,7.85,3.27
1997-11-22,7.95,3.23
1997-11-29,8.0,3.21
1997-12-06,8.0,3.11
1997-12-13,8.0,3.13
1997-12-20,8.0,3.39
1997-12-27,8.0,3.14
1998-01-03,7.94,3.41
1998-01-10,8.0,3.12
1998-01-17,7.88,2.91
1998-01-24,7.87,2.82
1998-01-31,8.0,3.14
1998-02-07,8.0,3.31
1998-02-14,8.0,3.59
1998-02-21,8.0,3.72
1998-03-01,8.0,3.29
1998-03-08,7.7,3.57
1998-03-15,8.0,3.78
1998-03-22,8.0,3.25
1998-03-29,7.4,2.8
1998-04-05,6.87,2.39
1998-04-12,6.43,2.05
1998-04-19,6.01,1.68
1998-04-26,5.64,1.29
1998-05-03,5.23,0.56
1998-05-10,4.36,-0.13
1998-05-17,3.66,-0.84
1998-05-24,2.99,-1.4
1998-05-31,2.52,-1.91
1998-06-07,2.11,-2.34
1998-06-14,1.76,-2.61
1998-06-21,1.38,-2.88
1998-06-28,1.08,-2.81
1998-07-05,1.02,-3.03
1998-07-12,0.81,-3.21
1998-07-19,0.65,-3.42
1998-07-26,0.51,-3.61
1998-08-02,0.4,-3.24
1998-08-09,0.38,-3.26
1998-08-16,0.33,-1.99
1998-08-23,1.21,-0.82
1998-08-30,1.37,-0.72
1998-09-06,0.36,1.32
1998-09-13,2.62,2.59
1998-09-20,3.7,2.28
1998-09-27,2.63,1.75
1998-10-04,2.24,2.61
1998-10-11,3.9,2.96
1998-10-18,5.18,4.92
1998-10-25,8.0,4.62
1998-11-01,7.4,4.93
1998-11-08,8.0,5.67
1998-11-15,8.0,5.54
1998-11-22,7.95,5.08
1998-11-29,7.4,4.57
1998-12-06,6.83,5.21
1998-12-13,8.0,4.89
1998-12-20,7.85,4.69
1998-12-27,7.91,4.67
1999-01-03,8.0,4.35
1999-01-10,7.89,4.09
1999-01-17,7.85,3.6
1999-01-24,7.44,3.26
1999-01-31,7.26,2.79
1999-02-07,6.91,2.37
1999-02-14,6.65,2.11
1999-02-21,6.64,1.62
1999-03-01,6.32,1.06
1999-03-08,5.93,1.01
1999-03-15,6.12,1.32
1999-03-22,6.78,1.19
1999-03-29,6.7,1.63
1999-04-05,7.34,1.13
1999-04-12,6.48,0.81
1999-04-19,6.04,0.27
1999-04-26,5.34,0.17
1999-05-03,5.17,-0.33
1999-05-10,4.54,-0.09
1999-05-17,4.99,-0.26
1999-05-24,4.52,-0.37
1999-05-31,4.31,-0.87
1999-06-07,3.57,-1.29
1999-06-14,3.0,-1.22
1999-06-21,2.91,-0.32
1999-06-28,4.47,-0.62
1999-07-05,3.23,-0.63
1999-07-12,2.95,-0.69
1999-07-19,2.63,-0.62
1999-07-26,2.42,-0.97
1999-08-02,1.92,-1.24
1999-08-09,1.54,-1.55
1999-08-16,1.22,-1.67
1999-08-23,1.0,-0.83
1999-08-30,1.03,-1.12
1999-09-06,0.83,-1.24
1999-09-13,0.73,-1.62
1999-09-20,0.62,-1.79
1999-09-27,0.54,-1.76
1999-10-04,0.52,-1.94
1999-10-11,0.46,-2.12
1999-10-18,0.4,-1.79
1999-10-25,0.92,-2.01
1999-11-01,0.44,-2.07
1999-11-08,0.39,-2.2
1999-11-15,0.36,-2.34
1999-11-22,0.34,-2.36
1999-11-29,0.34,-2.52
1999-12-06,0.32,-2.61
1999-12-13,0.32,-2.65
1999-12-20,0.37,-2.67
1999-12-27,0.58,-2.83
2000-01-03,0.32,-1.7
2000-01-10,2.2,-2.14
2000-01-17,1.85,-2.65
2000-01-24,1.41,-2.39
2000-01-31,1.99,-2.21
2000-02-07,2.51,-2.59
2000-02-14,2.14,-2.84
2000-02-21,1.52,-2.81
2000-03-01,1.87,-3.05
2000-03-08,1.48,-3.26
2000-03-15,1.39,-1.99
2000-03-22,3.26,-2.31
2000-03-29,2.78,-2.8
2000-04-05,2.19,-2.47
2000-04-12,2.55,-2.11
2000-04-19,2.87,-2.6
2000-04-26,2.1,-3.02
2000-05-03,1.83,-1.9
2000-05-10,3.56,-2.01
2000-05-17,3.02,-1.83
2000-05-24,3.13,-2.38
2000-05-31,2.29,-2.76
2000-06-07,2.0,-1.71
2000-06-14,3.71,-1.56
2000-06-21,3.27,-1.82
2000-06-28,2.48,-2.36
2000-07-05,1.96,-2.69
2000-07-12,1.56,-2.9
2000-07-19,1.22,-3.1
2000-07-26,0.96,-3.23
2000-08-02,0.78,-3.24
2000-08-09,0.67,-3.35
2000-08-16,0.54,-3.42
2000-08-23,0.45,-3.49
2000-08-30,0.37,-3.64
2000-09-06,0.3,-3.79
2000-09-13,0.24,-3.66
2000-09-20,0.22,-3.81
2000-09-27,0.19,-3.71
2000-10-04,0.19,-3.69
2000-10-11,0.18,-2.83
2000-10-18,1.6,-2.46
2000-10-25,1.84,-1.96
2000-11-01,2.29,-0.63
2000-11-08,4.21,0.19
2000-11-15,5.53,1.14
2000-11-22,7.06,1.97
2000-11-29,8.0,1.8
2000-12-06,7.8,1.79
2000-12-13,7.92,2.03
2000-12-20,8.0,1.86
2000-12-27,7.93,2.25
2001-01-03,8.0,2.09
2001-01-10,8.0,2.48
2001-01-17,8.0,2.67
2001-01-24,8.0,2.65
2001-01-31,8.0,2.63
2001-02-07,8.0,2.33
2001-02-14,7.84,2.37
2001-02-21,8.0,2.01
2001-02-28,7.78,1.85
2001-03-01,4.77,1.57
2001-03-08,8.0,2.26
2001-03-15,8.0,1.98
2001-03-22,7.91,2.39
2001-03-29,8.0,1.77
2001-04-05,7.1,1.18
2001-04-12,6.29,0.7
2001-04-19,5.72,0.76
2001-04-26,5.79,0.8
2001-05-03,5.78,0.91
2001-05-10,5.9,0.4
2001-05-17,5.12,0.16
2001-05-24,4.78,-0.32
2001-05-31,4.08,-0.61
2001-06-07,3.64,-0.98
2001-06-14,3.13,-1.26
2001-06-21,2.72,-1.36
2001-06-28,2.37,-1.38
2001-07-05,2.14,-1.61
2001-07-12,1.69,-1.83
2001-07-19,1.32,-2.01
2001-07-26,1.06,-2.14
2001-08-02,0.86,-2.25
2001-08-09,0.71,-2.35
2001-08-16,0.58,-2.48
2001-08-23,0.47,2.34
2001-08-30,6.9,2.94
2001-09-06,7.47,3.12
2001-09-13,7.13,3.06
2001-09-20,6.24,3.01
2001-09-27,5.99,2.99
2001-10-04,5.91,3.43
2001-10-11,7.57,3.17
2001-10-18,7.16,2.79
2001-10-25,6.43,2.46
2001-11-01,6.0,2.29
2001-11-08,5.82,3.47
2001-11-15,8.0,3.3
2001-11-22,7.85,3.52
2001-11-29,8.0,3.91
2001-12-06,8.0,4.16
2001-12-13,8.0,4.16
2001-12-20,8.0,3.87
2001-12-27,7.9,4.01
2002-01-03,8.0,3.74
2002-01-10,7.94,3.4
2002-01-17,7.76,3.08
2002-01-24,7.6,2.77
2002-01-31,7.44,2.81
2002-02-07,7.84,2.5
2002-02-14,7.71,2.17
2002-02-21,7.53,1.93
2002-03-01,5.0,3.22
2002-03-08,7.37,1.21
2002-03-15,7.02,1.2
2002-03-22,7.16,0.89
2002-03-29,6.83,0.54
2002-04-05,6.43,1.54
2002-04-12,7.76,1.01
2002-04-19,6.72,0.35
2002-04-26,5.66,-0.39
2002-05-03,4.63,-1.13
2002-05-10,3.74,-1.39
2002-05-17,3.49,-1.82
2002-05-24,3.08,-1.88
2002-05-31,2.93,-2.12
2002-06-07,2.39,-2.35
2002-06-14,1.95,-2.45
2002-06-21,1.71,-2.27
2002-06-28,1.67,0.74
2002-07-05,6.52,0.89
2002-07-12,5.6,1.82
2002-07-19,6.44,1.66
2002-07-26,5.05,1.45
2002-08-02,4.06,1.42
2002-08-09,3.43,1.82
2002-08-16,3.26,1.55
2002-08-23,2.63,1.29
2002-08-30,2.17,1.79
2002-09-06,2.14,2.39
2002-09-13,3.4,2.81
2002-09-20,4.09,2.53
2002-09-27,3.16,2.03
2002-10-04,2.69,2.85
2002-10-11,4.4,2.89
2002-10-18,4.68,3.94
2002-10-25,8.0,3.98
2002-11-01,8.0,4.8
2002-11-08,8.0,4.48
2002-11-15,7.63,4.19
2002-11-22,7.38,4.19
2002-11-29,7.61,4.53
2002-12-06,8.0,5.05
2002-12-13,8.0,4.67
2002-12-20,7.75,4.87
2002-12-27,8.0,4.87
2003-01-03,8.0,4.65
2003-01-10,8.0,4.9
2003-01-17,8.0,4.64
2003-01-24,7.99,4.31
2003-01-31,7.85,4.31
2003-02-07,8.0,4.26
2003-02-14,8.0,4.85
2003-02-21,8.0,4.61
2003-03-01,3.03,1.45
2003-03-08,8.0,4.2
2003-03-15,7.5,3.96
2003-03-22,7.4,3.82
2003-03-29,7.39,3.39
2003-04-05,6.93,3.01
2003-04-12,6.54,2.41
2003-04-19,5.81,1.98
2003-04-26,5.33,1.32
2003-05-03,4.6,0.53
2003-05-10,3.76,-0.11
2003-05-17,3.18,-0.77
2003-05-24,2.65,-1.33
2003-05-31,2.25,-1.14
2003-06-07,2.49,-1.09
2003-06-14,2.29,-1.33
2003-06-21,2.02,-1.79
2003-06-28,1.66,-1.48
2003-07-05,1.83,-1.42
2003-07-12,1.59,-1.1
2003-07-19,1.64,-1.41
2003-07-26,1.32,-1.71
2003-08-02,1.09,-2.0
2003-08-09,0.88,-1.84
2003-08-16,0.81,-1.88
2003-08-23,0.71,-2.08
2003-08-30,0.58,-1.26
2003-09-06,0.8,0.3
2003-09-13,2.12,1.5
2003-09-20,3.08,1.62
2003-09-27,2.98,1.32
2003-10-04,2.28,1.65
2003-10-11,2.78,1.64
2003-10-18,2.68,1.27
2003-10-25,2.07,1.17
2003-11-01,2.06,0.75
2003-11-08,1.92,0.41
2003-11-15,1.83,0.73
2003-11-22,2.44,0.43
2003-11-29,2.26,0.08
2003-12-06,2.06,0.01
2003-12-13,2.29,-0.34
2003-12-20,2.2,-0.76
2003-12-27,2.02,-0.81
2004-01-03,2.18,-0.86
2004-01-10,2.35,-0.46
2004-01-17,3.84,-0.41
2004-01-24,4.26,0.43
2004-01-31,4.64,0.44
2004-02-07,4.98,0.84
2004-02-14,6.58,0.68
2004-02-21,6.39,0.8
2004-03-01,4.95,4.67
2004-03-08,7.18,0.71
2004-03-15,7.19,0.72
2004-03-22,7.28,0.53
2004-03-29,6.73,0.69
2004-04-05,7.13,1.08
2004-04-12,8.0,1.28
2004-04-19,8.0,1.35
2004-04-26,8.0,1.5
2004-05-03,8.0,1.47
2004-05-10,7.86,1.83
2004-05-17,8.0,1.22
2004-05-24,6.74,0.55
2004-05-31,5.48,0.34
2004-06-07,5.0,1.72
2004-06-14,7.09,1.55
2004-06-21,6.21,1.98
2004-06-28,7.05,2.46
2004-07-05,8.0,2.2
2004-07-12,6.54,2.04
2004-07-19,5.46,1.86
2004-07-26,4.52,2.23
2004-08-02,4.17,2.01
2004-08-09,3.42,2.15
2004-08-16,3.02,2.13
2004-08-23,2.63,2.19
2004-08-30,2.37,2.35
2004-09-06,2.3,2.16
2004-09-13,2.03,2.14
2004-09-20,1.87,1.74
2004-09-27,1.64,1.85
2004-10-04,1.63,2.11
2004-10-11,1.89,2.21
2004-10-18,2.37,2.22
2004-10-25,2.27,2.23
2004-11-01,2.26,2.47
2004-11-08,3.34,2.16
2004-11-15,2.98,3.13
2004-11-22,5.95,4.09
2004-11-29,8.0,3.96
2004-12-06,8.0,3.69
2004-12-13,7.84,3.46
2004-12-20,7.79,3.36
2004-12-27,7.94,3.03
2005-01-03,7.76,2.94
2005-01-10,7.91,2.76
2005-01-17,7.93,2.46
2005-01-24,7.79,3.34
2005-01-31,8.0,3.47
2005-02-07,8.0,3.51
2005-02-14,8.0,3.12
2005-02-21,7.74,3.43
2005-03-01,0.52,-1.29
2005-03-08,8.0,3.8
2005-03-15,8.0,3.76
2005-03-22,8.0,3.69
2005-03-29,8.0,3.54
2005-04-05,7.91,3.23
2005-04-12,7.52,2.78
2005-04-19,6.9,2.26
2005-04-26,6.21,1.97
2005-05-03,5.9,1.58
2005-05-10,5.5,1.83
2005-05-17,5.97,1.41
2005-05-24,5.23,1.03
2005-05-31,4.66,1.45
2005-06-07,5.39,0.87
2005-06-14,4.17,0.25
2005-06-21,3.32,-0.33
2005-06-28,2.66,-0.88
2005-07-05,2.14,-1.23
2005-07-12,1.79,-1.09
2005-07-19,1.7,-0.96
2005-07-26,1.61,-1.13
2005-08-02,1.38,-1.33
2005-08-09,1.17,-1.27
2005-08-16,1.04,-1.47
2005-08-23,0.87,-1.7
2005-08-30,0.7,-1.77
2005-09-06,0.59,-1.81
2005-09-13,0.52,-1.6
2005-09-20,0.49,-1.95
2005-09-27,0.4,-2.18
2005-10-04,0.33,-2.31
2005-10-11,0.3,-1.56
2005-10-18,1.35,-1.86
2005-10-25,0.52,-1.97
2005-11-01,0.35,-1.99
2005-11-08,0.35,-2.28
2005-11-15,0.31,-2.35
2005-11-22,0.3,-2.14
2005-11-29,0.7,-2.28
2005-12-06,0.58,-2.3
2005-12-13,0.69,-2.26
2005-12-20,1.0,-2.36
2005-12-27,0.93,-2.53
2006-01-03,0.65,-2.7
2006-01-10,0.36,-2.85
2006-01-17,0.29,-2.93
2006-01-24,0.29,-2.87
2006-01-31,0.68,-2.93
2006-02-07,0.66,-3.0
2006-02-14,0.67,-3.12
2006-02-21,0.57,-3.15
2006-03-01,0.15,-1.33
2006-03-08,0.47,-3.62
2006-03-15,0.27,-3.87
2006-03-22,0.25,-3.56
2006-03-29,0.79,-3.33
2006-04-05,0.97,-3.78
2006-04-12,0.24,-3.97
2006-04-19,0.22,-4.05
2006-04-26,0.2,-4.13
2006-05-03,0.19,-3.99
2006-05-10,0.36,-4.13
2006-05-17,0.18,-4.32
2006-05-24,0.15,-4.59
2006-05-31,0.13,-3.94
2006-06-07,1.24,-4.4
2006-06-14,0.23,-4.55
2006-06-21,0.19,-4.46
2006-06-28,0.19,-4.6
2006-07-05,0.16,-3.54
2006-07-12,1.63,-3.7
2006-07-19,0.59,-4.13
2006-07-26,0.48,-4.25
2006-08-02,0.41,-4.31
2006-08-09,0.34,-4.41
2006-08-16,0.28,-4.52
2006-08-23,0.22,-4.61
2006-08-30,0.18,-4.7
2006-09-06,0.15,-4.51
2006-09-13,0.14,-4.17
2006-09-20,0.13,-3.29
2006-09-27,0.89,-2.93
2006-10-04,0.82,-3.28
2006-10-11,0.12,-2.91
2006-10-18,0.52,-2.19
2006-10-25,1.55,-1.93
2006-11-01,1.8,-2.08
2006-11-08,1.37,-2.19
2006-11-15,0.96,-2.37
2006-11-22,0.78,-2.58
2006-11-29,0.76,-2.64
2006-12-06,0.76,-2.74
2006-12-13,0.81,-3.28
2006-12-20,0.75,-3.22
2006-12-27,1.1,-1.66
2007-01-03,3.24,-0.8
2007-01-10,4.72,-0.33
2007-01-17,5.61,0.45
2007-01-24,6.97,1.42
2007-01-31,8.0,1.31
2007-02-07,8.0,1.09
2007-02-14,7.84,0.95
2007-02-21,7.82,0.66
2007-02-28,7.53,0.33
2007-03-01,1.69,4.11
2007-03-08,7.31,2.44
2007-03-15,8.0,1.91
2007-03-22,7.38,2.73
2007-03-29,8.0,2.68
2007-04-05,7.94,2.81
2007-04-12,8.0,2.59
2007-04-19,7.73,2.71
2007-04-26,7.85,2.81
2007-05-03,8.0,2.37
2007-05-10,7.14,1.95
2007-05-17,6.42,2.32
2007-05-24,7.07,2.57
2007-05-31,7.27,2.26
2007-06-07,6.39,2.07
2007-06-14,5.73,2.5
2007-06-21,6.1,2.67
2007-06-28,6.24,3.68
2007-07-05,8.0,3.52
2007-07-12,6.66,4.33
2007-07-19,8.0,4.89
2007-07-26,8.0,4.97
2007-08-02,7.06,4.91
2007-08-09,5.73,5.5
2007-08-16,6.44,5.51
2007-08-23,5.36,5.77
2007-08-30,5.28,5.92
2007-09-06,5.08,5.78
2007-09-13,4.45,5.39
2007-09-20,3.84,4.98
2007-09-27,3.38,4.61
2007-10-04,3.05,4.19
2007-10-11,2.75,4.0
2007-10-18,2.64,3.88
2007-10-25,2.69,3.49
2007-11-01,2.51,3.05
2007-11-08,2.34,2.67
2007-11-15,2.22,3.2
2007-11-22,3.35,3.19
2007-11-29,3.67,2.75
2007-12-06,3.32,2.75
2007-12-13,3.71,2.35
2007-12-20,3.54,2.02
2007-12-27,3.52,1.66
2008-01-03,3.42,1.18
2008-01-10,3.13,1.56
2008-01-17,4.13,1.54
2008-01-24,4.51,1.23
2008-01-31,4.42,0.76
2008-02-07,4.05,0.8
2008-02-14,4.52,0.47
2008-02-21,4.39,0.01
2008-03-01,0.01,-2.91
2008-03-08,4.36,0.2
2008-03-15,4.94,0.07
2008-03-22,4.9,-0.3
2008-03-29,4.38,-0.65
2008-04-05,3.86,-1.11
2008-04-12,3.48,-0.89
2008-04-19,3.85,-0.95
2008-04-26,3.61,-1.15
2008-05-03,3.37,-1.5
2008-05-10,3.04,-1.64
2008-05-17,2.91,-2.02
2008-05-24,2.38,-2.3
2008-05-31,1.93,-2.58
2008-06-07,1.54,-2.84
2008-06-14,1.23,-3.1
2008-06-21,0.97,-3.29
2008-06-28,0.79,-3.31
2008-07-05,0.71,-3.29
2008-07-12,0.65,-3.48
2008-07-19,0.52,-2.99
2008-07-26,0.58,-3.38
2008-08-02,0.42,-3.46
2008-08-09,0.35,-3.37
2008-08-16,0.31,-1.87
2008-08-23,1.53,-1.57
2008-08-30,0.52,-1.98
2008-09-06,0.43,-2.21
2008-09-13,0.37,-2.25
2008-09-20,0.34,-2.58
2008-09-27,0.3,-2.97
2008-10-04,0.27,-3.04
2008-10-11,0.24,-2.82
2008-10-18,0.43,-2.97
2008-10-25,0.23,-3.03
2008-11-01,0.22,-3.13
2008-11-08,0.2,-3.06
2008-11-15,0.28,-3.1
2008-11-22,0.2,-3.2
2008-11-29,0.19,-3.27
2008-12-06,0.19,-3.28
2008-12-13,0.27,-3.35
2008-12-20,0.24,-3.44
2008-12-27,0.19,-3.55
2009-01-03,0.19,-3.59
2009-01-10,0.25,-3.67
2009-01-17,0.19,-3.79
2009-01-24,0.18,-3.86
2009-01-31,0.18,-3.99
2009-02-07,0.17,-4.08
2009-02-14,0.17,-4.23
2009-02-21,0.17,-4.42
2009-03-01,4.93,3.75
2009-03-08,0.15,-4.05
2009-03-15,1.17,-4.26
2009-03-22,0.96,-4.19
2009-03-29,0.93,-4.27
2009-04-05,0.62,-4.34
2009-04-12,0.17,-3.11
2009-04-19,1.8,-3.03
2009-04-26,1.55,-2.94
2009-05-03,1.39,-3.61
2009-05-10,0.72,-4.04
2009-05-17,0.62,-4.07
2009-05-24,0.59,-4.09
2009-05-31,0.55,-4.25
2009-06-07,0.47,-4.49
2009-06-14,0.38,-4.74
2009-06-21,0.3,-4.98
2009-06-28,0.23,-5.19
2009-07-05,0.18,-5.33
2009-07-12,0.15,-5.49
2009-07-19,0.12,-5.59
2009-07-26,0.1,-5.68
2009-08-02,0.08,-5.81
2009-08-09,0.06,-5.78
2009-08-16,0.05,-5.82
2009-08-23,0.04,-5.78
2009-08-30,0.04,-5.75
2009-09-06,0.03,-3.62
2009-09-13,2.33,-3.33
2009-09-20,1.67,-2.59
2009-09-27,2.25,-2.25
2009-10-04,2.07,-0.61
2009-10-11,4.44,-0.43
2009-10-18,4.42,0.11
2009-10-25,5.22,1.05
2009-11-01,6.79,0.89
2009-11-08,6.41,1.09
2009-11-15,6.61,2.57
2009-11-22,8.0,2.49
2009-11-29,7.96,3.27
2009-12-06,8.0,3.36
2009-12-13,8.0,3.55
2009-12-20,8.0,3.46
2009-12-27,8.0,3.51
2010-01-03,8.0,3.3
2010-01-10,8.0,4.07
2010-01-17,8.0,3.7
2010-01-24,7.77,3.82
2010-01-31,8.0,4.23
2010-02-07,8.0,4.52
2010-02-14,8.0,4.31
2010-02-21,8.0,4.2
2010-03-01,1.16,-1.45
2010-03-08,8.0,3.8
2010-03-15,7.78,4.04
2010-03-22,8.0,4.07
2010-03-29,8.0,3.61
2010-04-05,7.48,3.18
2010-04-12,6.94,3.79
2010-04-19,7.74,3.6
2010-04-26,7.52,3.09
2010-05-03,6.75,2.48
2010-05-10,5.86,3.16
2010-05-17,7.07,2.96
2010-05-24,6.58,2.39
2010-05-31,5.47,2.47
2010-06-07,5.48,2.55
2010-06-14,5.37,1.97
2010-06-21,4.28,1.4
2010-06-28,3.44,2.52
2010-07-05,5.1,2.96
2010-07-12,4.88,2.49
2010-07-19,3.65,2.35
2010-07-26,3.16,2.51
2010-08-02,2.92,2.11
2010-08-09,2.32,1.77
2010-08-16,1.87,1.43
2010-08-23,1.51,1.05
2010-08-30,1.22,1.27
2010-09-06,1.14,3.3
2010-09-13,4.55,3.44
2010-09-20,4.13,3.87
2010-09-27,5.15,3.58
2010-10-04,4.38,3.25
2010-10-11,3.98,2.85
2010-10-18,3.64,2.4
2010-10-25,3.28,1.96
2010-11-01,2.98,2.0
2010-11-08,3.24,1.87
2010-11-15,3.17,1.68
2010-11-22,3.08,1.27
2010-11-29,2.86,0.95
2010-12-06,2.79,0.64
2010-12-13,2.76,0.28
2010-12-20,2.7,0.18
2010-12-27,2.94,-0.03
2011-01-03,3.02,-0.2
2011-01-10,3.16,0.72
2011-01-17,4.93,1.17
2011-01-24,5.94,1.03
2011-01-31,6.03,0.92
2011-02-07,6.2,0.8
2011-02-14,6.34,0.38
2011-02-21,5.97,-0.13
2011-03-01,0.19,-3.33
2011-03-08,5.2,-0.85
2011-03-15,5.03,-1.33
2011-03-22,4.66,-1.72
2011-03-29,4.13,-1.88
2011-04-05,3.85,-2.09
2011-04-12,3.47,-2.31
2011-04-19,3.1,-2.61
2011-04-26,2.63,-2.9
2011-05-03,2.23,-3.05
2011-05-10,2.03,-2.99
2011-05-17,2.03,-3.15
2011-05-24,1.8,-3.42
2011-05-31,1.46,-3.7
2011-06-07,1.16,-3.94
2011-06-14,0.93,-4.21
2011-06-21,0.73,-3.92
2011-06-28,0.78,-4.24
2011-07-05,0.58,-4.44
2011-07-12,0.46,-4.63
2011-07-19,0.36,-4.78
2011-07-26,0.29,-4.94
2011-08-02,0.23,-5.09
2011-08-09,0.18,-5.21
2011-08-16,0.14,-5.32
2011-08-23,0.11,-5.37
2011-08-30,0.09,-5.49
2011-09-06,0.07,-5.58
2011-09-13,0.06,-5.54
2011-09-20,0.05,-5.61
2011-09-27,0.04,-5.68
2011-10-04,0.03,-5.37
2011-10-11,0.17,-5.12
2011-10-18,0.24,-5.31
2011-10-25,0.03,-5.35
2011-11-01,0.03,-5.33
2011-11-08,0.03,-5.34
2011-11-15,0.03,-5.23
2011-11-22,0.09,-5.02
2011-11-29,0.37,-4.91
2011-12-06,0.58,-4.6
2011-12-13,1.17,-4.58
2011-12-20,1.33,-3.83
2011-12-27,2.62,-4.04
2012-01-03,2.5,-4.4
2012-01-10,2.31,-4.03
2012-01-17,2.88,-4.31
2012-01-24,2.6,-3.25
2012-01-31,4.26,-2.56
2012-02-07,5.36,-2.5
2012-02-14,5.6,-1.41
2012-02-21,7.35,-1.64
2012-02-28,7.11,-1.98
2012-03-06,6.68,-1.33
2012-03-13,7.67,-1.59
2012-03-20,7.23,-0.51
2012-03-27,8.0,-0.63
2012-04-03,7.62,-0.97
2012-03-01,6.68,-1.33
2012-03-08,7.67,-1.59
2012-03-15,7.23,-0.51
2012-03-22,8.0,-0.63
2012-03-29,7.62,-0.97
2012-04-05,6.87,-1.38
2012-04-12,6.11,-1.29
2012-04-19,6.04,-1.72
2012-04-26,5.32,-2.04
2012-05-03,4.71,-1.07
2012-05-10,6.35,-0.99
2012-05-17,6.2,-1.45
2012-05-24,4.98,-1.94
2012-05-31,4.03,-2.7
2012-06-07,3.45,-2.89
2012-06-14,2.8,-3.01
2012-06-21,2.37,-3.11
2012-06-28,2.0,-3.22
2012-07-05,1.68,-1.99
2012-07-12,3.16,-1.81
2012-07-19,2.16,-2.16
2012-07-26,1.73,-2.52
2012-08-02,1.37,-2.69
2012-08-09,1.13,-2.38
2012-08-16,1.03,-2.74
2012-08-23,0.85,-2.83
2012-08-30,0.7,-2.99
2012-09-06,0.57,-2.47
2012-09-13,0.68,-2.2
2012-09-20,0.57,-1.32
2012-09-27,1.49,-1.47
2012-10-04,0.78,-1.56
2012-10-11,0.56,-1.81
2012-10-18,0.52,-2.04
2012-10-25,0.49,-2.16
2012-11-01,0.48,-2.53
2012-11-08,0.44,-2.58
2012-11-15,0.43,-2.68
2012-11-22,0.41,-2.78
2012-11-29,0.39,-2.93
2012-12-06,0.37,-2.99
2012-12-13,0.37,-3.07
2012-12-20,0.37,-3.16
2012-12-27,0.37,-3.06
2013-01-03,0.83,-1.66
2013-01-10,3.07,-1.82
2013-01-17,3.07,-2.2
2013-01-24,2.72,-2.59
2013-01-31,2.37,-2.54
2013-02-07,2.69,-2.76
2013-02-14,2.66,-2.89
2013-02-21,2.43,-3.01
2013-03-01,2.27,-3.04
2013-03-08,2.33,-3.18
2013-03-15,2.05,-3.37
2013-03-22,1.91,-3.46
2013-03-29,1.84,-2.79
2013-04-05,2.66,-2.95
2013-04-12,2.21,-3.22
2013-04-19,1.81,-2.67
2013-04-26,2.51,-2.61
2013-05-03,2.39,-2.44
2013-05-10,2.52,-2.91
2013-05-17,1.77,-2.57
2013-05-24,2.03,-2.97
2013-05-31,1.56,-3.05
2013-06-07,1.41,-3.15
2013-06-14,1.24,-3.4
2013-06-21,0.98,-3.63
2013-06-28,0.78,-3.8
2013-07-05,0.64,-3.97
2013-07-12,0.52,-3.54
2013-07-19,0.6,-3.81
2013-07-26,0.44,-3.98
2013-08-02,0.35,-4.1
2013-08-09,0.28,-4.14
2013-08-16,0.23,-4.2
2013-08-23,0.19,-4.02
2013-08-30,0.17,-4.08
2013-09-06,0.15,-3.82
2013-09-13,0.14,-2.66
2013-09-20,1.22,-2.27
2013-09-27,1.03,-2.34
2013-10-04,0.26,-2.18
2013-10-11,0.32,-1.34
2013-10-18,1.67,-1.23
2013-10-25,1.69,-0.47
2013-11-01,2.77,-0.42
2013-11-08,2.77,-0.58
2013-11-15,2.5,-0.44
2013-11-22,2.7,0.0
2013-11-29,3.53,-0.21
2013-12-06,3.34,-0.3
2013-12-13,3.41,-0.42
2013-12-20,3.46,-0.55
2013-12-27,3.52,-0.74
2014-01-03,3.49,-0.55
2014-01-10,4.04,-0.79
2014-01-17,3.88,-0.95
2014-01-24,3.86,-1.13
2014-01-31,3.79,-1.17
2014-02-07,3.97,-1.34
2014-02-14,3.94,-2.36
2014-02-21,3.45,-2.41
2014-03-01,3.49,-1.2
2014-03-08,4.76,-1.3
2014-03-15,4.77,-1.51
2014-03-22,4.49,-1.55
2014-03-29,4.39,-2.3
2014-04-05,3.76,-2.36
2014-04-12,3.61,-2.31
2014-04-19,3.62,-2.52
2014-04-26,3.2,-2.71
2014-05-03,2.86,-2.65
2014-05-10,2.85,-1.51
2014-05-17,4.79,-1.92
2014-05-24,3.74,-0.82
2014-05-31,5.6,-1.32
2014-06-07,4.29,-1.3
2014-06-14,4.03,-1.76
2014-06-21,3.26,-1.65
2014-06-28,3.08,-2.15
2014-07-05,2.59,-2.31
2014-07-12,2.11,-2.19
2014-07-19,1.95,-2.38
2014-07-26,1.56,-2.45
2014-08-02,1.3,-2.59
2014-08-09,1.03,-2.67
2014-08-16,0.84,-2.76
2014-08-23,0.68,-2.77
2014-08-30,0.58,-2.74
2014-09-06,0.51,-2.35
2014-09-13,0.49,-1.59
2014-09-20,0.96,-1.38
2014-09-27,0.71,-1.44
2014-10-04,0.47,-1.7
2014-10-11,0.43,-1.87
2014-10-18,0.41,-2.32
2014-10-25,0.38,-2.32
2014-11-01,0.37,-1.01
2014-11-08,2.35,-1.03
2014-11-15,2.38,-0.15
2014-11-22,3.77,-0.37
2014-11-29,3.5,-0.6
2014-12-06,3.27,-0.85
2014-12-13,3.08,-0.4
2014-12-20,3.95,-0.5
2014-12-27,4.05,-0.16
2015-01-03,4.8,0.2
2015-01-10,5.55,0.09
2015-01-17,5.62,0.86
2015-01-24,6.95,0.63
2015-01-31,6.8,0.73
2015-02-07,7.16,0.39
2015-02-14,6.83,0.17
2015-02-21,6.7,0.18
2015-03-01,6.95,0.29
2015-03-08,7.32,1.35
2015-03-15,8.0,2.05
2015-03-22,8.0,1.6
2015-03-29,7.51,1.06
2015-04-05,6.81,0.89
2015-04-12,6.53,2.32
2015-04-19,8.0,2.55
2015-04-26,8.0,2.3
2015-05-03,7.6,1.94
2015-05-10,6.9,2.91
2015-05-17,8.0,3.45
2015-05-24,8.0,3.79
2015-05-31,8.0,3.26
2015-06-07,6.74,2.97
2015-06-14,5.93,3.92
2015-06-21,8.0,3.66
2015-06-28,6.81,3.62
2015-07-05,6.11,3.2
2015-07-12,4.86,2.76
2015-07-19,3.86,2.32
2015-07-26,3.05,1.95
2015-08-02,2.45,1.55
2015-08-09,1.95,1.24
2015-08-16,1.58,1.46
2015-08-23,1.46,1.05
2015-08-30,1.19,0.87
2015-09-06,1.03,1.25
2015-09-13,1.02,0.82
2015-09-20,0.87,0.36
2015-09-27,0.75,-0.15
2015-10-04,0.65,-0.5
2015-10-11,0.59,-1.0
2015-10-18,0.51,1.53
2015-10-25,5.37,2.66
2015-11-01,6.87,2.71
2015-11-08,7.1,2.2
2015-11-15,6.68,2.67
2015-11-22,7.23,2.8
2015-11-29,7.89,2.63
2015-12-06,7.84,2.86
2015-12-13,8.0,2.8
2015-12-20,8.0,2.34
2015-12-27,7.59,2.94
2016-01-03,8.0,2.92
2016-01-10,8.0,2.72
2016-01-17,8.0,2.45
2016-01-24,7.89,2.23
2016-01-31,7.86,1.91
2016-02-07,7.69,1.55
2016-02-14,7.46,1.04
2016-02-21,7.0,1.72
2016-03-01,8.0,1.18
2016-03-08,7.48,2.73
2016-03-15,8.0,2.35
2016-03-22,7.61,2.28
2016-03-29,7.67,1.9
2016-04-05,7.22,1.51
2016-04-12,6.76,1.98
2016-04-19,7.33,3.01
2016-04-26,8.0,2.9
2016-05-03,7.68,2.46
2016-05-10,6.97,2.48
2016-05-17,6.93,3.41
2016-05-24,8.0,3.59
2016-05-31,8.0,4.02
2016-06-07,8.0,3.59
2016-06-14,6.8,3.07
2016-06-21,5.48,2.69
2016-06-28,4.61,2.28
2016-07-05,3.83,1.71
2016-07-12,2.99,1.14
2016-07-19,2.34,0.63
2016-07-26,1.86,0.85
2016-08-02,1.77,0.39
2016-08-09,1.4,0.37
2016-08-16,1.23,3.29
2016-08-23,4.77,3.5
2016-08-30,4.06,3.7
2016-09-06,3.73,3.63
2016-09-13,3.27,3.22
2016-09-20,2.75,2.8
2016-09-27,2.36,3.28
2016-10-04,2.95,2.84
2016-10-11,2.24,2.38
2016-10-18,2.01,1.85
2016-10-25,1.78,1.37
2016-11-01,1.61,1.31
2016-11-08,1.6,1.69
2016-11-15,2.41,1.43
2016-11-22,2.1,1.18
2016-11-29,1.94,2.21
2016-12-06,3.75,2.96
2016-12-13,5.32,2.55
2016-12-20,5.06,2.24
2016-12-27,5.0,1.73
2017-01-03,4.63,1.51
2017-01-10,4.71,1.07
2017-01-17,4.45,2.2
2017-01-24,6.35,1.82
2017-01-31,6.12,1.49
2017-02-07,5.96,0.89
2017-02-14,5.39,1.0
2017-02-21,5.9,1.54
2017-03-01,7.0,1.74
2017-03-08,7.55,2.39
2017-03-15,8.0,1.93
2017-03-22,7.58,1.34
2017-03-29,6.88,1.4
2017-04-05,6.92,1.2
2017-04-12,6.67,1.42
2017-04-19,6.85,1.58
2017-04-26,6.91,1.15
2017-05-03,6.27,0.72
2017-05-10,5.74,0.22
2017-05-17,5.08,-0.3
2017-05-24,4.42,-0.35
2017-05-31,4.33,-0.21
2017-06-07,4.78,-0.78
2017-06-14,4.26,-1.23
2017-06-21,3.42,-1.32
2017-06-28,2.98,-1.3
2017-07-05,2.76,-1.49
2017-07-12,2.23,-1.58
2017-07-19,1.9,-1.73
2017-07-26,1.55,-1.91
2017-08-02,1.23,-1.95
2017-08-09,1.05,-1.21
2017-08-16,1.1,-1.62
2017-08-23,0.84,2.12
2017-08-30,6.33,2.99
2017-09-06,7.73,2.93
2017-09-13,6.63,2.7
2017-09-20,5.7,2.56
2017-09-27,4.98,3.04
2017-10-04,5.78,3.0
2017-10-11,5.38,2.58
2017-10-18,4.66,2.23
2017-10-25,4.29,2.08
2017-11-01,4.21,2.0
2017-11-08,4.17,1.72
2017-11-15,3.98,1.33
2017-11-22,3.71,1.03
2017-11-29,3.6,0.61
2017-12-06,3.41,1.67
2017-12-13,5.23,1.93
2017-12-20,5.9,1.98
2017-12-27,6.26,1.78
2018-01-03,6.3,1.56
2018-01-10,6.3,1.26
2018-01-17,6.16,1.21
2018-01-24,6.39,1.15
2018-01-31,6.6,0.83
2018-02-07,6.4,0.71
2018-02-14,6.51,0.43
2018-02-21,6.39,0.64
2018-02-28,7.0,0.43
