date,dtype,temp
1895-01-01,max,24.96
1895-01-01,avg,14.72
1895-01-01,min,4.48
1895-02-01,max,27.88
1895-02-01,avg,15.06
1895-02-01,min,2.25
1895-03-01,max,35.51
1895-03-01,avg,23.31
1895-03-01,min,11.12
1895-04-01,max,55.49
1895-04-01,avg,40.86
1895-04-01,min,26.22
1895-05-01,max,57.78
1895-05-01,avg,44.82
1895-05-01,min,31.86
1895-06-01,max,61.16
1895-06-01,avg,48.7
1895-06-01,min,36.25
1895-07-01,max,71.82
1895-07-01,avg,57.42
1895-07-01,min,43.02
1895-08-01,max,72.84
1895-08-01,avg,58.19
1895-08-01,min,43.54
1895-09-01,max,60.75
1895-09-01,avg,47.62
1895-09-01,min,34.5
1895-10-01,max,53.69
1895-10-01,avg,40.41
1895-10-01,min,27.12
1895-11-01,max,35.69
1895-11-01,avg,25.03
1895-11-01,min,14.4
1895-12-01,max,26.87
1895-12-01,avg,17.65
1895-12-01,min,8.44
1896-01-01,max,31.26
1896-01-01,avg,20.41
1896-01-01,min,9.57
1896-02-01,max,37.78
1896-02-01,avg,26.46
1896-02-01,min,15.15
1896-03-01,max,34.07
1896-03-01,avg,22.39
1896-03-01,min,10.71
1896-04-01,max,44.98
1896-04-01,avg,33.26
1896-04-01,min,21.54
1896-05-01,max,50.85
1896-05-01,avg,40.86
1896-05-01,min,30.85
1896-06-01,max,72.19
1896-06-01,avg,55.96
1896-06-01,min,39.7
1896-07-01,max,73.76
1896-07-01,avg,60.82
1896-07-01,min,47.86
1896-08-01,max,72.12
1896-08-01,avg,58.03
1896-08-01,min,43.92
1896-09-01,max,57.15
1896-09-01,avg,46.31
1896-09-01,min,35.47
1896-10-01,max,52.2
1896-10-01,avg,39.51
1896-10-01,min,26.83
1896-11-01,max,23.4
1896-11-01,avg,14.47
1896-11-01,min,5.58
1896-12-01,max,37.27
1896-12-01,avg,28.4
1896-12-01,min,19.53
1897-01-01,max,29.66
1897-01-01,avg,17.37
1897-01-01,min,5.09
1897-02-01,max,29.64
1897-02-01,avg,19.17
1897-02-01,min,8.69
1897-03-01,max,28.72
1897-03-01,avg,17.38
1897-03-01,min,6.06
1897-04-01,max,47.17
1897-04-01,avg,36.14
1897-04-01,min,25.11
1897-05-01,max,64.49
1897-05-01,avg,50.36
1897-05-01,min,36.23
1897-06-01,max,63.23
1897-06-01,avg,51.4
1897-06-01,min,39.56
1897-07-01,max,70.12
1897-07-01,avg,56.5
1897-07-01,min,42.84
1897-08-01,max,72.63
1897-08-01,avg,58.62
1897-08-01,min,44.62
1897-09-01,max,66.13
1897-09-01,avg,52.39
1897-09-01,min,38.66
1897-10-01,max,47.19
1897-10-01,avg,38.12
1897-10-01,min,29.03
1897-11-01,max,33.24
1897-11-01,avg,24.57
1897-11-01,min,15.89
1897-12-01,max,24.42
1897-12-01,avg,17.13
1897-12-01,min,9.84
1898-01-01,max,20.93
1898-01-01,avg,12.6
1898-01-01,min,4.26
1898-02-01,max,36.0
1898-02-01,avg,24.6
1898-02-01,min,13.21
1898-03-01,max,30.72
1898-03-01,avg,18.54
1898-03-01,min,6.35
1898-04-01,max,50.59
1898-04-01,avg,37.85
1898-04-01,min,25.09
1898-05-01,max,51.98
1898-05-01,avg,42.28
1898-05-01,min,32.56
1898-06-01,max,65.82
1898-06-01,avg,52.56
1898-06-01,min,39.27
1898-07-01,max,73.15
1898-07-01,avg,58.48
1898-07-01,min,43.79
1898-08-01,max,73.62
1898-08-01,avg,60.13
1898-08-01,min,46.65
1898-09-01,max,62.11
1898-09-01,avg,48.04
1898-09-01,min,33.98
1898-10-01,max,43.14
1898-10-01,avg,33.57
1898-10-01,min,23.99
1898-11-01,max,31.19
1898-11-01,avg,21.69
1898-11-01,min,12.18
1898-12-01,max,24.42
1898-12-01,avg,14.27
1898-12-01,min,4.12
1899-01-01,max,26.47
1899-01-01,avg,16.68
1899-01-01,min,6.91
1899-02-01,max,18.82
1899-02-01,avg,6.17
1899-02-01,min,-6.48
1899-03-01,max,28.9
1899-03-01,avg,17.55
1899-03-01,min,6.21
1899-04-01,max,45.72
1899-04-01,avg,34.07
1899-04-01,min,22.41
1899-05-01,max,52.93
1899-05-01,avg,41.13
1899-05-01,min,29.28
1899-06-01,max,65.16
1899-06-01,avg,51.21
1899-06-01,min,37.22
1899-07-01,max,76.28
1899-07-01,avg,59.79
1899-07-01,min,43.29
1899-08-01,max,71.04
1899-08-01,avg,55.24
1899-08-01,min,39.43
1899-09-01,max,65.61
1899-09-01,avg,50.65
1899-09-01,min,35.69
1899-10-01,max,47.19
1899-10-01,avg,35.87
1899-10-01,min,24.55
1899-11-01,max,41.25
1899-11-01,avg,31.3
1899-11-01,min,21.36
1899-12-01,max,27.46
1899-12-01,avg,17.74
1899-12-01,min,8.02
1900-01-01,max,29.62
1900-01-01,avg,20.88
1900-01-01,min,12.15
1900-02-01,max,26.64
1900-02-01,avg,15.39
1900-02-01,min,4.15
1900-03-01,max,41.02
1900-03-01,avg,29.5
1900-03-01,min,17.96
1900-04-01,max,48.87
1900-04-01,avg,38.12
1900-04-01,min,27.37
1900-05-01,max,61.36
1900-05-01,avg,48.07
1900-05-01,min,34.79
1900-06-01,max,74.52
1900-06-01,avg,58.68
1900-06-01,min,42.84
1900-07-01,max,75.25
1900-07-01,avg,59.09
1900-07-01,min,42.93
1900-08-01,max,72.32
1900-08-01,avg,57.63
1900-08-01,min,42.94
1900-09-01,max,59.76
1900-09-01,avg,47.41
1900-09-01,min,35.06
1900-10-01,max,50.79
1900-10-01,avg,39.33
1900-10-01,min,27.86
1900-11-01,max,34.25
1900-11-01,avg,24.1
1900-11-01,min,13.95
1900-12-01,max,32.45
1900-12-01,avg,23.99
1900-12-01,min,15.53
1901-01-01,max,25.99
1901-01-01,avg,17.85
1901-01-01,min,9.72
1901-02-01,max,26.64
1901-02-01,avg,15.49
1901-02-01,min,4.37
1901-03-01,max,36.81
1901-03-01,avg,26.22
1901-03-01,min,15.66
1901-04-01,max,47.01
1901-04-01,avg,35.29
1901-04-01,min,23.59
1901-05-01,max,63.34
1901-05-01,avg,50.85
1901-05-01,min,38.35
1901-06-01,max,60.62
1901-06-01,avg,48.87
1901-06-01,min,37.09
1901-07-01,max,80.78
1901-07-01,avg,64.72
1901-07-01,min,48.65
1901-08-01,max,74.82
1901-08-01,avg,60.93
1901-08-01,min,46.99
1901-09-01,max,57.11
1901-09-01,avg,45.5
1901-09-01,min,33.89
1901-10-01,max,55.06
1901-10-01,avg,43.03
1901-10-01,min,30.99
1901-11-01,max,42.8
1901-11-01,avg,32.09
1901-11-01,min,21.38
1901-12-01,max,26.47
1901-12-01,avg,19.31
1901-12-01,min,12.15
1902-01-01,max,24.1
1902-01-01,avg,15.01
1902-01-01,min,5.94
1902-02-01,max,32.92
1902-02-01,avg,22.95
1902-02-01,min,12.97
1902-03-01,max,35.6
1902-03-01,avg,25.16
1902-03-01,min,14.74
1902-04-01,max,46.58
1902-04-01,avg,34.88
1902-04-01,min,23.2
1902-05-01,max,59.85
1902-05-01,avg,47.41
1902-05-01,min,34.97
1902-06-01,max,65.82
1902-06-01,avg,52.27
1902-06-01,min,38.71
1902-07-01,max,71.6
1902-07-01,avg,57.43
1902-07-01,min,43.27
1902-08-01,max,73.04
1902-08-01,avg,58.15
1902-08-01,min,43.23
1902-09-01,max,62.47
1902-09-01,avg,48.56
1902-09-01,min,34.63
1902-10-01,max,52.97
1902-10-01,avg,40.46
1902-10-01,min,27.93
1902-11-01,max,36.32
1902-11-01,avg,26.78
1902-11-01,min,17.26
1902-12-01,max,30.63
1902-12-01,avg,19.8
1902-12-01,min,8.98
1903-01-01,max,31.71
1903-01-01,avg,20.95
1903-01-01,min,10.2
1903-02-01,max,25.72
1903-02-01,avg,12.22
1903-02-01,min,-1.26
1903-03-01,max,38.28
1903-03-01,avg,24.69
1903-03-01,min,11.12
1903-04-01,max,47.14
1903-04-01,avg,34.12
1903-04-01,min,21.09
1903-05-01,max,54.64
1903-05-01,avg,42.15
1903-05-01,min,29.64
1903-06-01,max,68.36
1903-06-01,avg,54.03
1903-06-01,min,39.7
1903-07-01,max,72.46
1903-07-01,avg,57.49
1903-07-01,min,42.49
1903-08-01,max,73.51
1903-08-01,avg,58.41
1903-08-01,min,43.29
1903-09-01,max,59.13
1903-09-01,avg,45.95
1903-09-01,min,32.77
1903-10-01,max,55.36
1903-10-01,avg,41.9
1903-10-01,min,28.42
1903-11-01,max,38.53
1903-11-01,avg,26.91
1903-11-01,min,15.28
1903-12-01,max,31.78
1903-12-01,avg,22.23
1903-12-01,min,12.65
1904-01-01,max,28.78
1904-01-01,avg,19.0
1904-01-01,min,9.25
1904-02-01,max,33.4
1904-02-01,avg,22.46
1904-02-01,min,11.53
1904-03-01,max,35.85
1904-03-01,avg,26.85
1904-03-01,min,17.85
1904-04-01,max,51.37
1904-04-01,avg,38.55
1904-04-01,min,25.74
1904-05-01,max,57.79
1904-05-01,avg,45.46
1904-05-01,min,33.13
1904-06-01,max,66.16
1904-06-01,avg,51.8
1904-06-01,min,37.42
1904-07-01,max,73.24
1904-07-01,avg,58.6
1904-07-01,min,43.95
1904-08-01,max,74.07
1904-08-01,avg,59.38
1904-08-01,min,44.67
1904-09-01,max,66.18
1904-09-01,avg,51.4
1904-09-01,min,36.61
1904-10-01,max,54.75
1904-10-01,avg,42.62
1904-10-01,min,30.47
1904-11-01,max,47.01
1904-11-01,avg,34.23
1904-11-01,min,21.43
1904-12-01,max,31.98
1904-12-01,avg,22.87
1904-12-01,min,13.78
1905-01-01,max,27.28
1905-01-01,avg,20.1
1905-01-01,min,12.94
1905-02-01,max,27.88
1905-02-01,avg,15.75
1905-02-01,min,3.63
1905-03-01,max,42.89
1905-03-01,avg,32.13
1905-03-01,min,21.34
1905-04-01,max,47.57
1905-04-01,avg,36.07
1905-04-01,min,24.57
1905-05-01,max,51.08
1905-05-01,avg,41.16
1905-05-01,min,31.24
1905-06-01,max,64.08
1905-06-01,avg,51.33
1905-06-01,min,38.59
1905-07-01,max,75.61
1905-07-01,avg,60.91
1905-07-01,min,46.18
1905-08-01,max,76.03
1905-08-01,avg,61.92
1905-08-01,min,47.8
1905-09-01,max,67.98
1905-09-01,avg,53.2
1905-09-01,min,38.41
1905-10-01,max,45.64
1905-10-01,avg,35.38
1905-10-01,min,25.12
1905-11-01,max,39.56
1905-11-01,avg,28.9
1905-11-01,min,18.27
1905-12-01,max,27.63
1905-12-01,avg,19.08
1905-12-01,min,10.53
1906-01-01,max,29.93
1906-01-01,avg,20.41
1906-01-01,min,10.89
1906-02-01,max,33.76
1906-02-01,avg,22.48
1906-02-01,min,11.19
1906-03-01,max,31.44
1906-03-01,avg,19.69
1906-03-01,min,7.95
1906-04-01,max,51.4
1906-04-01,avg,37.96
1906-04-01,min,24.53
1906-05-01,max,55.35
1906-05-01,avg,43.63
1906-05-01,min,31.93
1906-06-01,max,63.18
1906-06-01,avg,50.52
1906-06-01,min,37.87
1906-07-01,max,76.39
1906-07-01,avg,61.02
1906-07-01,min,45.63
1906-08-01,max,71.71
1906-08-01,avg,58.59
1906-08-01,min,45.48
1906-09-01,max,66.27
1906-09-01,avg,52.36
1906-09-01,min,38.43
1906-10-01,max,51.6
1906-10-01,avg,39.67
1906-10-01,min,27.73
1906-11-01,max,34.95
1906-11-01,avg,25.36
1906-11-01,min,15.78
1906-12-01,max,33.17
1906-12-01,avg,25.11
1906-12-01,min,17.04
1907-01-01,max,17.91
1907-01-01,avg,9.14
1907-01-01,min,0.39
1907-02-01,max,36.86
1907-02-01,avg,26.24
1907-02-01,min,15.6
1907-03-01,max,38.32
1907-03-01,avg,29.48
1907-03-01,min,20.64
1907-04-01,max,44.83
1907-04-01,avg,33.49
1907-04-01,min,22.14
1907-05-01,max,51.4
1907-05-01,avg,41.09
1907-05-01,min,30.78
1907-06-01,max,60.62
1907-06-01,avg,49.24
1907-06-01,min,37.85
1907-07-01,max,72.32
1907-07-01,avg,58.51
1907-07-01,min,44.69
1907-08-01,max,71.06
1907-08-01,avg,56.66
1907-08-01,min,42.26
1907-09-01,max,61.18
1907-09-01,avg,48.85
1907-09-01,min,36.52
1907-10-01,max,55.71
1907-10-01,avg,43.2
1907-10-01,min,30.69
1907-11-01,max,37.35
1907-11-01,avg,28.44
1907-11-01,min,19.53
1907-12-01,max,29.21
1907-12-01,avg,20.3
1907-12-01,min,11.41
1908-01-01,max,30.29
1908-01-01,avg,19.89
1908-01-01,min,9.48
1908-02-01,max,33.82
1908-02-01,avg,21.94
1908-02-01,min,10.06
1908-03-01,max,35.96
1908-03-01,avg,25.5
1908-03-01,min,15.06
1908-04-01,max,52.45
1908-04-01,avg,38.8
1908-04-01,min,25.14
1908-05-01,max,52.43
1908-05-01,avg,42.37
1908-05-01,min,32.29
1908-06-01,max,59.58
1908-06-01,avg,49.06
1908-06-01,min,38.55
1908-07-01,max,75.34
1908-07-01,avg,60.96
1908-07-01,min,46.56
1908-08-01,max,68.47
1908-08-01,avg,55.74
1908-08-01,min,43.0
1908-09-01,max,64.62
1908-09-01,avg,51.04
1908-09-01,min,37.45
1908-10-01,max,45.3
1908-10-01,avg,35.91
1908-10-01,min,26.51
1908-11-01,max,37.18
1908-11-01,avg,27.09
1908-11-01,min,16.99
1908-12-01,max,24.75
1908-12-01,avg,16.5
1908-12-01,min,8.28
1909-01-01,max,24.96
1909-01-01,avg,15.28
1909-01-01,min,5.61
1909-02-01,max,30.13
1909-02-01,avg,19.63
1909-02-01,min,9.14
1909-03-01,max,36.48
1909-03-01,avg,25.88
1909-03-01,min,15.3
1909-04-01,max,40.53
1909-04-01,avg,28.96
1909-04-01,min,17.38
1909-05-01,max,52.16
1909-05-01,avg,40.42
1909-05-01,min,28.69
1909-06-01,max,65.91
1909-06-01,avg,53.64
1909-06-01,min,41.34
1909-07-01,max,75.29
1909-07-01,avg,60.6
1909-07-01,min,45.88
1909-08-01,max,75.47
1909-08-01,avg,61.2
1909-08-01,min,46.9
1909-09-01,max,60.98
1909-09-01,avg,50.14
1909-09-01,min,39.29
1909-10-01,max,51.04
1909-10-01,avg,39.06
1909-10-01,min,27.07
1909-11-01,max,37.13
1909-11-01,avg,28.76
1909-11-01,min,20.39
1909-12-01,max,16.41
1909-12-01,avg,7.7
1909-12-01,min,-0.99
1910-01-01,max,21.45
1910-01-01,avg,13.1
1910-01-01,min,4.77
1910-02-01,max,24.12
1910-02-01,avg,13.01
1910-02-01,min,1.9
1910-03-01,max,49.44
1910-03-01,avg,37.02
1910-03-01,min,24.58
1910-04-01,max,56.46
1910-04-01,avg,42.4
1910-04-01,min,28.33
1910-05-01,max,57.65
1910-05-01,avg,45.37
1910-05-01,min,33.08
1910-06-01,max,69.49
1910-06-01,avg,54.75
1910-06-01,min,39.99
1910-07-01,max,77.09
1910-07-01,avg,62.37
1910-07-01,min,47.64
1910-08-01,max,71.56
1910-08-01,avg,56.01
1910-08-01,min,40.48
1910-09-01,max,61.93
1910-09-01,avg,49.5
1910-09-01,min,37.04
1910-10-01,max,53.83
1910-10-01,avg,41.49
1910-10-01,min,29.12
1910-11-01,max,35.82
1910-11-01,avg,28.6
1910-11-01,min,21.38
1910-12-01,max,29.03
1910-12-01,avg,21.09
1910-12-01,min,13.17
1911-01-01,max,25.74
1911-01-01,avg,17.47
1911-01-01,min,9.25
1911-02-01,max,26.6
1911-02-01,avg,15.12
1911-02-01,min,3.63
1911-03-01,max,44.13
1911-03-01,avg,31.12
1911-03-01,min,18.12
1911-04-01,max,44.94
1911-04-01,avg,33.1
1911-04-01,min,21.25
1911-05-01,max,55.02
1911-05-01,avg,43.59
1911-05-01,min,32.16
1911-06-01,max,67.77
1911-06-01,avg,55.38
1911-06-01,min,43.0
1911-07-01,max,71.69
1911-07-01,avg,57.54
1911-07-01,min,43.39
1911-08-01,max,68.95
1911-08-01,avg,54.82
1911-08-01,min,40.68
1911-09-01,max,60.67
1911-09-01,avg,48.22
1911-09-01,min,35.76
1911-10-01,max,45.09
1911-10-01,avg,34.23
1911-10-01,min,23.38
1911-11-01,max,29.37
1911-11-01,avg,20.53
1911-11-01,min,11.7
1911-12-01,max,24.55
1911-12-01,avg,15.01
1911-12-01,min,5.47
1912-01-01,max,25.3
1912-01-01,avg,17.08
1912-01-01,min,8.85
1912-02-01,max,31.3
1912-02-01,avg,21.15
1912-02-01,min,10.99
1912-03-01,max,29.16
1912-03-01,avg,17.62
1912-03-01,min,6.12
1912-04-01,max,45.46
1912-04-01,avg,34.54
1912-04-01,min,23.59
1912-05-01,max,53.28
1912-05-01,avg,42.06
1912-05-01,min,30.85
1912-06-01,max,66.67
1912-06-01,avg,53.26
1912-06-01,min,39.87
1912-07-01,max,69.24
1912-07-01,avg,56.68
1912-07-01,min,44.1
1912-08-01,max,66.38
1912-08-01,avg,54.81
1912-08-01,min,43.23
1912-09-01,max,50.4
1912-09-01,avg,41.05
1912-09-01,min,31.69
1912-10-01,max,44.28
1912-10-01,avg,34.93
1912-10-01,min,25.59
1912-11-01,max,38.62
1912-11-01,avg,30.13
1912-11-01,min,21.61
1912-12-01,max,28.63
1912-12-01,avg,19.08
1912-12-01,min,9.54
1913-01-01,max,23.83
1913-01-01,avg,14.58
1913-01-01,min,5.34
1913-02-01,max,21.88
1913-02-01,avg,10.54
1913-02-01,min,-0.78
1913-03-01,max,31.91
1913-03-01,avg,21.15
1913-03-01,min,10.4
1913-04-01,max,50.23
1913-04-01,avg,36.91
1913-04-01,min,23.61
1913-05-01,max,55.31
1913-05-01,avg,44.44
1913-05-01,min,33.55
1913-06-01,max,65.46
1913-06-01,avg,53.94
1913-06-01,min,42.42
1913-07-01,max,69.51
1913-07-01,avg,57.16
1913-07-01,min,44.8
1913-08-01,max,73.11
1913-08-01,avg,59.74
1913-08-01,min,46.36
1913-09-01,max,62.26
1913-09-01,avg,49.41
1913-09-01,min,36.54
1913-10-01,max,43.74
1913-10-01,avg,33.75
1913-10-01,min,23.76
1913-11-01,max,38.59
1913-11-01,avg,29.1
1913-11-01,min,19.63
1913-12-01,max,29.19
1913-12-01,avg,17.02
1913-12-01,min,4.87
1914-01-01,max,31.8
1914-01-01,avg,22.32
1914-01-01,min,12.87
1914-02-01,max,29.95
1914-02-01,avg,19.2
1914-02-01,min,8.47
1914-03-01,max,41.59
1914-03-01,avg,28.02
1914-03-01,min,14.45
1914-04-01,max,46.87
1914-04-01,avg,36.18
1914-04-01,min,25.48
1914-05-01,max,59.13
1914-05-01,avg,46.08
1914-05-01,min,33.01
1914-06-01,max,64.62
1914-06-01,avg,52.18
1914-06-01,min,39.72
1914-07-01,max,74.32
1914-07-01,avg,60.35
1914-07-01,min,46.35
1914-08-01,max,72.54
1914-08-01,avg,57.61
1914-08-01,min,42.67
1914-09-01,max,63.59
1914-09-01,avg,49.35
1914-09-01,min,35.1
1914-10-01,max,51.1
1914-10-01,avg,40.42
1914-10-01,min,29.75
1914-11-01,max,43.72
1914-11-01,avg,30.83
1914-11-01,min,17.94
1914-12-01,max,22.86
1914-12-01,avg,12.85
1914-12-01,min,2.86
1915-01-01,max,26.56
1915-01-01,avg,17.31
1915-01-01,min,8.1
1915-02-01,max,36.37
1915-02-01,avg,25.52
1915-02-01,min,14.65
1915-03-01,max,38.52
1915-03-01,avg,27.46
1915-03-01,min,16.41
1915-04-01,max,55.35
1915-04-01,avg,43.57
1915-04-01,min,31.77
1915-05-01,max,52.57
1915-05-01,avg,42.33
1915-05-01,min,32.09
1915-06-01,max,59.63
1915-06-01,avg,47.46
1915-06-01,min,35.28
1915-07-01,max,68.0
1915-07-01,avg,54.84
1915-07-01,min,41.67
1915-08-01,max,72.86
1915-08-01,avg,58.37
1915-08-01,min,43.86
1915-09-01,max,56.39
1915-09-01,avg,45.77
1915-09-01,min,35.13
1915-10-01,max,54.14
1915-10-01,avg,41.9
1915-10-01,min,29.64
1915-11-01,max,35.85
1915-11-01,avg,27.45
1915-11-01,min,19.06
1915-12-01,max,28.02
1915-12-01,avg,19.53
1915-12-01,min,11.03
1916-01-01,max,12.27
1916-01-01,avg,3.58
1916-01-01,min,-5.1
1916-02-01,max,31.8
1916-02-01,avg,21.38
1916-02-01,min,10.98
1916-03-01,max,41.09
1916-03-01,avg,30.9
1916-03-01,min,20.7
1916-04-01,max,47.17
1916-04-01,avg,35.64
1916-04-01,min,24.1
1916-05-01,max,49.33
1916-05-01,avg,39.02
1916-05-01,min,28.71
1916-06-01,max,62.91
1916-06-01,avg,49.17
1916-06-01,min,35.42
1916-07-01,max,76.55
1916-07-01,avg,61.41
1916-07-01,min,46.26
1916-08-01,max,70.99
1916-08-01,avg,56.64
1916-08-01,min,42.3
1916-09-01,max,62.4
1916-09-01,avg,48.09
1916-09-01,min,33.76
1916-10-01,max,43.75
1916-10-01,avg,33.6
1916-10-01,min,23.45
1916-11-01,max,31.44
1916-11-01,avg,21.22
1916-11-01,min,11.01
1916-12-01,max,17.44
1916-12-01,avg,9.55
1916-12-01,min,1.67
1917-01-01,max,20.01
1917-01-01,avg,10.31
1917-01-01,min,0.61
1917-02-01,max,25.88
1917-02-01,avg,15.31
1917-02-01,min,4.75
1917-03-01,max,26.58
1917-03-01,avg,16.14
1917-03-01,min,5.7
1917-04-01,max,39.7
1917-04-01,avg,29.86
1917-04-01,min,20.03
1917-05-01,max,49.86
1917-05-01,avg,39.92
1917-05-01,min,29.98
1917-06-01,max,63.77
1917-06-01,avg,50.02
1917-06-01,min,36.25
1917-07-01,max,78.42
1917-07-01,avg,63.37
1917-07-01,min,48.29
1917-08-01,max,70.75
1917-08-01,avg,56.34
1917-08-01,min,41.9
1917-09-01,max,62.47
1917-09-01,avg,49.95
1917-09-01,min,37.42
1917-10-01,max,48.2
1917-10-01,avg,36.03
1917-10-01,min,23.85
1917-11-01,max,43.86
1917-11-01,avg,33.78
1917-11-01,min,23.7
1917-12-01,max,29.93
1917-12-01,avg,21.9
1917-12-01,min,13.87
1918-01-01,max,22.57
1918-01-01,avg,13.78
1918-01-01,min,5.0
1918-02-01,max,27.36
1918-02-01,avg,17.1
1918-02-01,min,6.85
1918-03-01,max,43.07
1918-03-01,avg,30.54
1918-03-01,min,18.03
1918-04-01,max,39.58
1918-04-01,avg,29.57
1918-04-01,min,19.56
1918-05-01,max,52.57
1918-05-01,avg,41.29
1918-05-01,min,30.0
1918-06-01,max,70.95
1918-06-01,avg,57.72
1918-06-01,min,44.47
1918-07-01,max,70.41
1918-07-01,avg,57.65
1918-07-01,min,44.87
1918-08-01,max,69.28
1918-08-01,avg,55.27
1918-08-01,min,41.27
1918-09-01,max,59.27
1918-09-01,avg,47.79
1918-09-01,min,36.28
1918-10-01,max,51.71
1918-10-01,avg,41.11
1918-10-01,min,30.51
1918-11-01,max,33.69
1918-11-01,avg,24.84
1918-11-01,min,15.96
1918-12-01,max,29.84
1918-12-01,avg,21.42
1918-12-01,min,13.03
1919-01-01,max,31.66
1919-01-01,avg,21.63
1919-01-01,min,11.62
1919-02-01,max,28.45
1919-02-01,avg,17.8
1919-02-01,min,7.16
1919-03-01,max,39.61
1919-03-01,avg,26.98
1919-03-01,min,14.32
1919-04-01,max,49.6
1919-04-01,avg,37.62
1919-04-01,min,25.61
1919-05-01,max,60.82
1919-05-01,avg,47.28
1919-05-01,min,33.76
1919-06-01,max,75.22
1919-06-01,avg,58.95
1919-06-01,min,42.66
1919-07-01,max,79.2
1919-07-01,avg,63.12
1919-07-01,min,47.05
1919-08-01,max,75.33
1919-08-01,avg,60.01
1919-08-01,min,44.69
1919-09-01,max,62.8
1919-09-01,avg,50.38
1919-09-01,min,37.98
1919-10-01,max,38.46
1919-10-01,avg,28.87
1919-10-01,min,19.29
1919-11-01,max,30.43
1919-11-01,avg,20.46
1919-11-01,min,10.49
1919-12-01,max,21.52
1919-12-01,avg,10.9
1919-12-01,min,0.27
1920-01-01,max,29.53
1920-01-01,avg,19.9
1920-01-01,min,10.27
1920-02-01,max,31.55
1920-02-01,avg,20.01
1920-02-01,min,8.49
1920-03-01,max,33.87
1920-03-01,avg,22.95
1920-03-01,min,12.04
1920-04-01,max,38.3
1920-04-01,avg,28.47
1920-04-01,min,18.66
1920-05-01,max,53.49
1920-05-01,avg,42.44
1920-05-01,min,31.39
1920-06-01,max,63.91
1920-06-01,avg,51.06
1920-06-01,min,38.19
1920-07-01,max,75.16
1920-07-01,avg,60.62
1920-07-01,min,46.08
1920-08-01,max,72.12
1920-08-01,avg,57.97
1920-08-01,min,43.81
1920-09-01,max,61.77
1920-09-01,avg,49.59
1920-09-01,min,37.38
1920-10-01,max,46.6
1920-10-01,avg,36.79
1920-10-01,min,26.96
1920-11-01,max,31.82
1920-11-01,avg,23.74
1920-11-01,min,15.67
1920-12-01,max,26.73
1920-12-01,avg,19.24
1920-12-01,min,11.75
1921-01-01,max,30.38
1921-01-01,avg,20.8
1921-01-01,min,11.25
1921-02-01,max,35.08
1921-02-01,avg,23.97
1921-02-01,min,12.87
1921-03-01,max,38.89
1921-03-01,avg,28.26
1921-03-01,min,17.62
1921-04-01,max,44.74
1921-04-01,avg,33.49
1921-04-01,min,22.24
1921-05-01,max,54.45
1921-05-01,avg,44.47
1921-05-01,min,34.5
1921-06-01,max,70.39
1921-06-01,avg,57.33
1921-06-01,min,44.24
1921-07-01,max,77.61
1921-07-01,avg,62.19
1921-07-01,min,46.74
1921-08-01,max,73.63
1921-08-01,avg,59.05
1921-08-01,min,44.46
1921-09-01,max,58.37
1921-09-01,avg,46.26
1921-09-01,min,34.12
1921-10-01,max,56.03
1921-10-01,avg,42.82
1921-10-01,min,29.61
1921-11-01,max,36.82
1921-11-01,avg,27.66
1921-11-01,min,18.52
1921-12-01,max,27.19
1921-12-01,avg,18.66
1921-12-01,min,10.13
1922-01-01,max,18.34
1922-01-01,avg,9.27
1922-01-01,min,0.21
1922-02-01,max,21.92
1922-02-01,avg,10.87
1922-02-01,min,-0.18
1922-03-01,max,36.39
1922-03-01,avg,25.07
1922-03-01,min,13.75
1922-04-01,max,42.6
1922-04-01,avg,32.07
1922-04-01,min,21.56
1922-05-01,max,54.72
1922-05-01,avg,43.66
1922-05-01,min,32.59
1922-06-01,max,71.46
1922-06-01,avg,56.55
1922-06-01,min,41.61
1922-07-01,max,73.4
1922-07-01,avg,59.04
1922-07-01,min,44.69
1922-08-01,max,75.04
1922-08-01,avg,61.57
1922-08-01,min,48.11
1922-09-01,max,67.71
1922-09-01,avg,52.95
1922-09-01,min,38.19
1922-10-01,max,54.16
1922-10-01,avg,41.25
1922-10-01,min,28.35
1922-11-01,max,32.59
1922-11-01,avg,23.99
1922-11-01,min,15.37
1922-12-01,max,23.72
1922-12-01,avg,15.17
1922-12-01,min,6.64
1923-01-01,max,29.57
1923-01-01,avg,21.56
1923-01-01,min,13.57
1923-02-01,max,27.3
1923-02-01,avg,14.85
1923-02-01,min,2.39
1923-03-01,max,33.84
1923-03-01,avg,22.08
1923-03-01,min,10.36
1923-04-01,max,45.03
1923-04-01,avg,33.57
1923-04-01,min,22.1
1923-05-01,max,56.17
1923-05-01,avg,44.67
1923-05-01,min,33.17
1923-06-01,max,64.31
1923-06-01,avg,52.0
1923-06-01,min,39.67
1923-07-01,max,76.5
1923-07-01,avg,63.36
1923-07-01,min,50.22
1923-08-01,max,69.85
1923-08-01,avg,56.8
1923-08-01,min,43.72
1923-09-01,max,63.23
1923-09-01,avg,50.27
1923-09-01,min,37.29
1923-10-01,max,41.45
1923-10-01,avg,32.47
1923-10-01,min,23.5
1923-11-01,max,38.8
1923-11-01,avg,28.54
1923-11-01,min,18.3
1923-12-01,max,25.7
1923-12-01,avg,15.78
1923-12-01,min,5.88
1924-01-01,max,21.13
1924-01-01,avg,12.33
1924-01-01,min,3.56
1924-02-01,max,35.67
1924-02-01,avg,24.62
1924-02-01,min,13.57
1924-03-01,max,29.05
1924-03-01,avg,19.72
1924-03-01,min,10.4
1924-04-01,max,43.88
1924-04-01,avg,33.91
1924-04-01,min,23.95
1924-05-01,max,56.32
1924-05-01,avg,44.02
1924-05-01,min,31.73
1924-06-01,max,64.02
1924-06-01,avg,51.03
1924-06-01,min,38.03
1924-07-01,max,73.38
1924-07-01,avg,59.18
1924-07-01,min,44.96
1924-08-01,max,72.82
1924-08-01,avg,57.74
1924-08-01,min,42.66
1924-09-01,max,61.45
1924-09-01,avg,48.6
1924-09-01,min,35.74
1924-10-01,max,47.3
1924-10-01,avg,38.19
1924-10-01,min,29.1
1924-11-01,max,35.37
1924-11-01,avg,26.37
1924-11-01,min,17.35
1924-12-01,max,18.28
1924-12-01,avg,9.99
1924-12-01,min,1.69
1925-01-01,max,26.46
1925-01-01,avg,18.77
1925-01-01,min,11.08
1925-02-01,max,34.84
1925-02-01,avg,26.87
1925-02-01,min,18.91
1925-03-01,max,40.57
1925-03-01,avg,29.73
1925-03-01,min,18.88
1925-04-01,max,48.15
1925-04-01,avg,37.83
1925-04-01,min,27.52
1925-05-01,max,57.76
1925-05-01,avg,45.91
1925-05-01,min,34.05
1925-06-01,max,63.28
1925-06-01,avg,51.91
1925-06-01,min,40.51
1925-07-01,max,75.67
1925-07-01,avg,61.9
1925-07-01,min,48.11
1925-08-01,max,70.92
1925-08-01,avg,57.15
1925-08-01,min,43.36
1925-09-01,max,60.39
1925-09-01,avg,48.88
1925-09-01,min,37.36
1925-10-01,max,39.22
1925-10-01,avg,30.24
1925-10-01,min,21.25
1925-11-01,max,33.66
1925-11-01,avg,25.47
1925-11-01,min,17.28
1925-12-01,max,31.44
1925-12-01,avg,24.04
1925-12-01,min,16.65
1926-01-01,max,26.96
1926-01-01,avg,18.1
1926-01-01,min,9.25
1926-02-01,max,34.65
1926-02-01,avg,25.93
1926-02-01,min,17.24
1926-03-01,max,37.15
1926-03-01,avg,25.79
1926-03-01,min,14.45
1926-04-01,max,51.31
1926-04-01,avg,38.32
1926-04-01,min,25.34
1926-05-01,max,57.33
1926-05-01,avg,46.92
1926-05-01,min,36.5
1926-06-01,max,67.24
1926-06-01,avg,54.21
1926-06-01,min,41.16
1926-07-01,max,74.62
1926-07-01,avg,61.05
1926-07-01,min,47.46
1926-08-01,max,70.41
1926-08-01,avg,57.58
1926-08-01,min,44.73
1926-09-01,max,55.13
1926-09-01,avg,42.64
1926-09-01,min,30.13
1926-10-01,max,50.38
1926-10-01,avg,39.96
1926-10-01,min,29.53
1926-11-01,max,37.71
1926-11-01,avg,29.98
1926-11-01,min,22.3
1926-12-01,max,26.46
1926-12-01,avg,17.71
1926-12-01,min,8.96
1927-01-01,max,25.47
1927-01-01,avg,16.11
1927-01-01,min,6.75
1927-02-01,max,31.59
1927-02-01,avg,22.15
1927-02-01,min,12.7
1927-03-01,max,37.22
1927-03-01,avg,25.18
1927-03-01,min,13.14
1927-04-01,max,42.94
1927-04-01,avg,32.49
1927-04-01,min,22.01
1927-05-01,max,49.33
1927-05-01,avg,40.08
1927-05-01,min,30.83
1927-06-01,max,64.29
1927-06-01,avg,52.39
1927-06-01,min,40.48
1927-07-01,max,73.47
1927-07-01,avg,59.05
1927-07-01,min,44.64
1927-08-01,max,66.25
1927-08-01,avg,53.51
1927-08-01,min,40.75
1927-09-01,max,59.05
1927-09-01,avg,47.57
1927-09-01,min,36.09
1927-10-01,max,52.0
1927-10-01,avg,40.64
1927-10-01,min,29.26
1927-11-01,max,36.21
1927-11-01,avg,29.21
1927-11-01,min,22.21
1927-12-01,max,18.86
1927-12-01,avg,9.32
1927-12-01,min,-0.22
1928-01-01,max,28.58
1928-01-01,avg,20.08
1928-01-01,min,11.61
1928-02-01,max,29.75
1928-02-01,avg,17.85
1928-02-01,min,5.95
1928-03-01,max,39.69
1928-03-01,avg,27.75
1928-03-01,min,15.82
1928-04-01,max,43.16
1928-04-01,avg,31.8
1928-04-01,min,20.44
1928-05-01,max,60.82
1928-05-01,avg,48.63
1928-05-01,min,36.43
1928-06-01,max,58.86
1928-06-01,avg,47.98
1928-06-01,min,37.09
1928-07-01,max,72.46
1928-07-01,avg,59.09
1928-07-01,min,45.72
1928-08-01,max,70.9
1928-08-01,avg,55.67
1928-08-01,min,40.42
1928-09-01,max,63.7
1928-09-01,avg,49.19
1928-09-01,min,34.66
1928-10-01,max,49.1
1928-10-01,avg,38.37
1928-10-01,min,27.63
1928-11-01,max,36.34
1928-11-01,avg,27.23
1928-11-01,min,18.12
1928-12-01,max,25.7
1928-12-01,avg,16.77
1928-12-01,min,7.86
1929-01-01,max,18.48
1929-01-01,avg,9.05
1929-01-01,min,-0.36
1929-02-01,max,20.95
1929-02-01,avg,10.53
1929-02-01,min,0.12
1929-03-01,max,35.67
1929-03-01,avg,25.3
1929-03-01,min,14.94
1929-04-01,max,41.56
1929-04-01,avg,31.84
1929-04-01,min,22.1
1929-05-01,max,53.62
1929-05-01,avg,40.95
1929-05-01,min,28.27
1929-06-01,max,64.8
1929-06-01,avg,51.87
1929-06-01,min,38.95
1929-07-01,max,76.78
1929-07-01,avg,61.72
1929-07-01,min,46.65
1929-08-01,max,76.33
1929-08-01,avg,61.99
1929-08-01,min,47.62
1929-09-01,max,55.29
1929-09-01,avg,44.56
1929-09-01,min,33.85
1929-10-01,max,52.18
1929-10-01,avg,40.12
1929-10-01,min,28.04
1929-11-01,max,29.98
1929-11-01,avg,20.16
1929-11-01,min,10.35
1929-12-01,max,30.65
1929-12-01,avg,22.68
1929-12-01,min,14.72
1930-01-01,max,12.33
1930-01-01,avg,2.21
1930-01-01,min,-7.89
1930-02-01,max,35.67
1930-02-01,avg,27.54
1930-02-01,min,19.38
1930-03-01,max,34.65
1930-03-01,avg,24.42
1930-03-01,min,14.22
1930-04-01,max,54.36
1930-04-01,avg,42.06
1930-04-01,min,29.77
1930-05-01,max,55.38
1930-05-01,avg,43.88
1930-05-01,min,32.38
1930-06-01,max,67.24
1930-06-01,avg,52.9
1930-06-01,min,38.53
1930-07-01,max,76.19
1930-07-01,avg,61.81
1930-07-01,min,47.41
1930-08-01,max,70.75
1930-08-01,avg,59.47
1930-08-01,min,48.15
1930-09-01,max,61.81
1930-09-01,avg,49.44
1930-09-01,min,37.06
1930-10-01,max,43.66
1930-10-01,avg,35.49
1930-10-01,min,27.34
1930-11-01,max,37.89
1930-11-01,avg,26.49
1930-11-01,min,15.08
1930-12-01,max,30.18
1930-12-01,avg,20.16
1930-12-01,min,10.13
1931-01-01,max,32.58
1931-01-01,avg,22.69
1931-01-01,min,12.81
1931-02-01,max,37.63
1931-02-01,avg,25.3
1931-02-01,min,12.99
1931-03-01,max,37.22
1931-03-01,avg,25.66
1931-03-01,min,14.13
1931-04-01,max,47.26
1931-04-01,avg,35.67
1931-04-01,min,24.08
1931-05-01,max,56.64
1931-05-01,avg,44.31
1931-05-01,min,31.98
1931-06-01,max,70.56
1931-06-01,avg,56.95
1931-06-01,min,43.32
1931-07-01,max,78.24
1931-07-01,avg,62.53
1931-07-01,min,46.78
1931-08-01,max,73.87
1931-08-01,avg,59.34
1931-08-01,min,44.8
1931-09-01,max,63.01
1931-09-01,avg,50.22
1931-09-01,min,37.4
1931-10-01,max,50.34
1931-10-01,avg,39.13
1931-10-01,min,27.88
1931-11-01,max,32.79
1931-11-01,avg,23.38
1931-11-01,min,13.98
1931-12-01,max,26.96
1931-12-01,avg,18.91
1931-12-01,min,10.87
1932-01-01,max,20.91
1932-01-01,avg,12.22
1932-01-01,min,3.51
1932-02-01,max,31.3
1932-02-01,avg,20.5
1932-02-01,min,9.72
1932-03-01,max,29.57
1932-03-01,avg,19.18
1932-03-01,min,8.82
1932-04-01,max,46.58
1932-04-01,avg,35.85
1932-04-01,min,25.12
1932-05-01,max,56.01
1932-05-01,avg,45.05
1932-05-01,min,34.05
1932-06-01,max,64.65
1932-06-01,avg,52.97
1932-06-01,min,41.29
1932-07-01,max,74.34
1932-07-01,avg,60.62
1932-07-01,min,46.9
1932-08-01,max,73.87
1932-08-01,avg,59.07
1932-08-01,min,44.28
1932-09-01,max,63.93
1932-09-01,avg,49.71
1932-09-01,min,35.47
1932-10-01,max,45.7
1932-10-01,avg,34.84
1932-10-01,min,23.99
1932-11-01,max,38.89
1932-11-01,avg,30.04
1932-11-01,min,21.18
1932-12-01,max,18.9
1932-12-01,avg,10.18
1932-12-01,min,1.49
1933-01-01,max,26.64
1933-01-01,avg,19.65
1933-01-01,min,12.65
1933-02-01,max,21.49
1933-02-01,avg,11.41
1933-02-01,min,1.33
1933-03-01,max,39.43
1933-03-01,avg,27.73
1933-03-01,min,16.03
1933-04-01,max,43.99
1933-04-01,avg,32.67
1933-04-01,min,21.34
1933-05-01,max,52.56
1933-05-01,avg,41.58
1933-05-01,min,30.58
1933-06-01,max,73.51
1933-06-01,avg,58.41
1933-06-01,min,43.29
1933-07-01,max,80.19
1933-07-01,avg,64.04
1933-07-01,min,47.91
1933-08-01,max,70.75
1933-08-01,avg,57.38
1933-08-01,min,43.99
1933-09-01,max,63.82
1933-09-01,avg,50.47
1933-09-01,min,37.11
1933-10-01,max,56.12
1933-10-01,avg,42.85
1933-10-01,min,29.57
1933-11-01,max,42.1
1933-11-01,avg,31.77
1933-11-01,min,21.43
1933-12-01,max,34.52
1933-12-01,avg,26.33
1933-12-01,min,18.14
1934-01-01,max,34.56
1934-01-01,avg,26.2
1934-01-01,min,17.85
1934-02-01,max,39.06
1934-02-01,avg,27.36
1934-02-01,min,15.67
1934-03-01,max,44.67
1934-03-01,avg,32.77
1934-03-01,min,20.88
1934-04-01,max,54.91
1934-04-01,avg,41.11
1934-04-01,min,27.3
1934-05-01,max,68.18
1934-05-01,avg,53.15
1934-05-01,min,38.12
1934-06-01,max,65.98
1934-06-01,avg,53.22
1934-06-01,min,40.44
1934-07-01,max,77.04
1934-07-01,avg,62.24
1934-07-01,min,47.41
1934-08-01,max,74.01
1934-08-01,avg,59.41
1934-08-01,min,44.83
1934-09-01,max,58.3
1934-09-01,avg,45.52
1934-09-01,min,32.74
1934-10-01,max,55.36
1934-10-01,avg,43.84
1934-10-01,min,32.32
1934-11-01,max,41.97
1934-11-01,avg,32.63
1934-11-01,min,23.29
1934-12-01,max,30.13
1934-12-01,avg,21.83
1934-12-01,min,13.55
1935-01-01,max,32.52
1935-01-01,avg,22.6
1935-01-01,min,12.69
1935-02-01,max,36.77
1935-02-01,avg,24.12
1935-02-01,min,11.48
1935-03-01,max,35.74
1935-03-01,avg,25.43
1935-03-01,min,15.12
1935-04-01,max,42.93
1935-04-01,avg,31.6
1935-04-01,min,20.3
1935-05-01,max,51.26
1935-05-01,avg,41.13
1935-05-01,min,30.99
1935-06-01,max,66.42
1935-06-01,avg,52.72
1935-06-01,min,39.0
1935-07-01,max,80.64
1935-07-01,avg,63.34
1935-07-01,min,46.02
1935-08-01,max,75.16
1935-08-01,avg,59.02
1935-08-01,min,42.85
1935-09-01,max,66.42
1935-09-01,avg,51.89
1935-09-01,min,37.35
1935-10-01,max,51.19
1935-10-01,avg,38.41
1935-10-01,min,25.63
1935-11-01,max,30.18
1935-11-01,avg,21.69
1935-11-01,min,13.21
1935-12-01,max,29.82
1935-12-01,avg,20.41
1935-12-01,min,11.01
1936-01-01,max,25.32
1936-01-01,avg,16.02
1936-01-01,min,6.73
1936-02-01,max,17.28
1936-02-01,avg,6.96
1936-02-01,min,-3.35
1936-03-01,max,35.67
1936-03-01,avg,24.51
1936-03-01,min,13.35
1936-04-01,max,46.63
1936-04-01,avg,34.75
1936-04-01,min,22.87
1936-05-01,max,65.14
1936-05-01,avg,50.43
1936-05-01,min,35.71
1936-06-01,max,70.95
1936-06-01,avg,57.11
1936-06-01,min,43.29
1936-07-01,max,80.01
1936-07-01,avg,66.04
1936-07-01,min,52.05
1936-08-01,max,73.63
1936-08-01,avg,59.88
1936-08-01,min,46.13
1936-09-01,max,64.69
1936-09-01,avg,49.77
1936-09-01,min,34.83
1936-10-01,max,50.85
1936-10-01,avg,39.0
1936-10-01,min,27.14
1936-11-01,max,38.5
1936-11-01,avg,26.29
1936-11-01,min,14.11
1936-12-01,max,29.43
1936-12-01,avg,20.71
1936-12-01,min,12.02
1937-01-01,max,11.16
1937-01-01,avg,1.2
1937-01-01,min,-8.77
1937-02-01,max,28.27
1937-02-01,avg,18.09
1937-02-01,min,7.92
1937-03-01,max,37.22
1937-03-01,avg,25.52
1937-03-01,min,13.84
1937-04-01,max,46.2
1937-04-01,avg,34.66
1937-04-01,min,23.11
1937-05-01,max,61.63
1937-05-01,avg,47.73
1937-05-01,min,33.82
1937-06-01,max,65.44
1937-06-01,avg,53.22
1937-06-01,min,41.0
1937-07-01,max,75.33
1937-07-01,avg,61.88
1937-07-01,min,48.4
1937-08-01,max,76.93
1937-08-01,avg,60.96
1937-08-01,min,44.98
1937-09-01,max,65.44
1937-09-01,avg,51.85
1937-09-01,min,38.26
1937-10-01,max,53.62
1937-10-01,avg,41.74
1937-10-01,min,29.86
1937-11-01,max,36.14
1937-11-01,avg,27.93
1937-11-01,min,19.74
1937-12-01,max,28.87
1937-12-01,avg,20.5
1937-12-01,min,12.13
1938-01-01,max,29.5
1938-01-01,avg,19.69
1938-01-01,min,9.9
1938-02-01,max,33.22
1938-02-01,avg,22.15
1938-02-01,min,11.1
1938-03-01,max,37.53
1938-03-01,avg,27.5
1938-03-01,min,17.51
1938-04-01,max,47.61
1938-04-01,avg,35.53
1938-04-01,min,23.45
1938-05-01,max,53.28
1938-05-01,avg,43.02
1938-05-01,min,32.76
1938-06-01,max,67.6
1938-06-01,avg,54.57
1938-06-01,min,41.54
1938-07-01,max,72.32
1938-07-01,avg,59.61
1938-07-01,min,46.89
1938-08-01,max,72.88
1938-08-01,avg,58.32
1938-08-01,min,43.74
1938-09-01,max,68.79
1938-09-01,avg,54.64
1938-09-01,min,40.5
1938-10-01,max,51.26
1938-10-01,avg,41.2
1938-10-01,min,31.14
1938-11-01,max,28.98
1938-11-01,avg,20.61
1938-11-01,min,12.25
1938-12-01,max,29.75
1938-12-01,avg,21.69
1938-12-01,min,13.64
1939-01-01,max,30.07
1939-01-01,avg,21.49
1939-01-01,min,12.92
1939-02-01,max,23.13
1939-02-01,avg,11.84
1939-02-01,min,0.57
1939-03-01,max,38.46
1939-03-01,avg,27.34
1939-03-01,min,16.21
1939-04-01,max,51.49
1939-04-01,avg,38.97
1939-04-01,min,26.44
1939-05-01,max,61.3
1939-05-01,avg,48.18
1939-05-01,min,35.06
1939-06-01,max,62.42
1939-06-01,avg,50.25
1939-06-01,min,38.08
1939-07-01,max,77.32
1939-07-01,avg,62.46
1939-07-01,min,47.59
1939-08-01,max,73.83
1939-08-01,avg,58.35
1939-08-01,min,42.87
1939-09-01,max,65.21
1939-09-01,avg,51.28
1939-09-01,min,37.33
1939-10-01,max,50.45
1939-10-01,avg,40.19
1939-10-01,min,29.93
1939-11-01,max,46.08
1939-11-01,avg,32.29
1939-11-01,min,18.5
1939-12-01,max,35.85
1939-12-01,avg,27.66
1939-12-01,min,19.49
1940-01-01,max,23.74
1940-01-01,avg,14.02
1940-01-01,min,4.32
1940-02-01,max,31.57
1940-02-01,avg,23.0
1940-02-01,min,14.45
1940-03-01,max,41.74
1940-03-01,avg,30.88
1940-03-01,min,20.03
1940-04-01,max,46.69
1940-04-01,avg,36.34
1940-04-01,min,25.99
1940-05-01,max,61.86
1940-05-01,avg,47.95
1940-05-01,min,34.05
1940-06-01,max,71.1
1940-06-01,avg,56.41
1940-06-01,min,41.72
1940-07-01,max,77.0
1940-07-01,avg,62.6
1940-07-01,min,48.18
1940-08-01,max,77.29
1940-08-01,avg,61.2
1940-08-01,min,45.07
1940-09-01,max,66.09
1940-09-01,avg,54.43
1940-09-01,min,42.75
1940-10-01,max,54.25
1940-10-01,avg,43.27
1940-10-01,min,32.27
1940-11-01,max,31.51
1940-11-01,avg,22.5
1940-11-01,min,13.48
1940-12-01,max,31.33
1940-12-01,avg,22.96
1940-12-01,min,14.59
1941-01-01,max,30.63
1941-01-01,avg,21.45
1941-01-01,min,12.29
1941-02-01,max,36.21
1941-02-01,avg,23.77
1941-02-01,min,11.34
1941-03-01,max,39.61
1941-03-01,avg,28.71
1941-03-01,min,17.8
1941-04-01,max,46.13
1941-04-01,avg,35.6
1941-04-01,min,25.05
1941-05-01,max,60.17
1941-05-01,avg,48.04
1941-05-01,min,35.89
1941-06-01,max,65.64
1941-06-01,avg,53.83
1941-06-01,min,42.03
1941-07-01,max,74.57
1941-07-01,avg,61.41
1941-07-01,min,48.27
1941-08-01,max,70.0
1941-08-01,avg,58.64
1941-08-01,min,47.25
1941-09-01,max,55.02
1941-09-01,avg,44.78
1941-09-01,min,34.54
1941-10-01,max,47.93
1941-10-01,avg,37.58
1941-10-01,min,27.21
1941-11-01,max,38.44
1941-11-01,avg,29.23
1941-11-01,min,20.03
1941-12-01,max,29.46
1941-12-01,avg,21.87
1941-12-01,min,14.27
1942-01-01,max,24.33
1942-01-01,avg,14.54
1942-01-01,min,4.75
1942-02-01,max,25.97
1942-02-01,avg,14.49
1942-02-01,min,3.0
1942-03-01,max,36.55
1942-03-01,avg,24.57
1942-03-01,min,12.58
1942-04-01,max,51.19
1942-04-01,avg,39.24
1942-04-01,min,27.3
1942-05-01,max,51.67
1942-05-01,avg,41.41
1942-05-01,min,31.15
1942-06-01,max,62.6
1942-06-01,avg,50.09
1942-06-01,min,37.54
1942-07-01,max,77.0
1942-07-01,avg,61.14
1942-07-01,min,45.28
1942-08-01,max,73.69
1942-08-01,avg,58.69
1942-08-01,min,43.72
1942-09-01,max,61.9
1942-09-01,avg,49.14
1942-09-01,min,36.37
1942-10-01,max,50.52
1942-10-01,avg,38.93
1942-10-01,min,27.32
1942-11-01,max,34.32
1942-11-01,avg,25.66
1942-11-01,min,17.02
1942-12-01,max,29.53
1942-12-01,avg,21.65
1942-12-01,min,13.75
1943-01-01,max,23.59
1943-01-01,avg,12.67
1943-01-01,min,1.74
1943-02-01,max,34.0
1943-02-01,avg,22.26
1943-02-01,min,10.54
1943-03-01,max,32.11
1943-03-01,avg,19.2
1943-03-01,min,6.31
1943-04-01,max,54.28
1943-04-01,avg,42.21
1943-04-01,min,30.13
1943-05-01,max,52.12
1943-05-01,avg,41.25
1943-05-01,min,30.36
1943-06-01,max,61.74
1943-06-01,avg,49.95
1943-06-01,min,38.14
1943-07-01,max,76.69
1943-07-01,avg,61.36
1943-07-01,min,46.0
1943-08-01,max,74.97
1943-08-01,avg,59.68
1943-08-01,min,44.4
1943-09-01,max,65.64
1943-09-01,avg,50.97
1943-09-01,min,36.3
1943-10-01,max,53.94
1943-10-01,avg,42.44
1943-10-01,min,30.94
1943-11-01,max,40.51
1943-11-01,avg,30.74
1943-11-01,min,20.97
1943-12-01,max,32.05
1943-12-01,avg,21.9
1943-12-01,min,11.73
1944-01-01,max,28.71
1944-01-01,avg,18.32
1944-01-01,min,7.95
1944-02-01,max,30.51
1944-02-01,avg,19.63
1944-02-01,min,8.74
1944-03-01,max,33.67
1944-03-01,avg,22.35
1944-03-01,min,11.03
1944-04-01,max,47.61
1944-04-01,avg,36.57
1944-04-01,min,25.52
1944-05-01,max,58.53
1944-05-01,avg,46.49
1944-05-01,min,34.43
1944-06-01,max,60.62
1944-06-01,avg,49.55
1944-06-01,min,38.48
1944-07-01,max,71.22
1944-07-01,avg,57.78
1944-07-01,min,44.31
1944-08-01,max,71.83
1944-08-01,avg,56.26
1944-08-01,min,40.68
1944-09-01,max,62.47
1944-09-01,avg,49.44
1944-09-01,min,36.41
1944-10-01,max,56.95
1944-10-01,avg,43.2
1944-10-01,min,29.43
1944-11-01,max,36.07
1944-11-01,avg,26.96
1944-11-01,min,17.85
1944-12-01,max,29.75
1944-12-01,avg,18.86
1944-12-01,min,7.97
1945-01-01,max,30.87
1945-01-01,avg,21.25
1945-01-01,min,11.62
1945-02-01,max,32.23
1945-02-01,avg,21.61
1945-02-01,min,11.03
1945-03-01,max,38.77
1945-03-01,avg,27.28
1945-03-01,min,15.82
1945-04-01,max,42.17
1945-04-01,avg,30.69
1945-04-01,min,19.2
1945-05-01,max,54.14
1945-05-01,avg,43.12
1945-05-01,min,32.09
1945-06-01,max,57.33
1945-06-01,avg,47.41
1945-06-01,min,37.47
1945-07-01,max,73.72
1945-07-01,avg,59.36
1945-07-01,min,45.0
1945-08-01,max,72.07
1945-08-01,avg,58.21
1945-08-01,min,44.37
1945-09-01,max,58.03
1945-09-01,avg,46.85
1945-09-01,min,35.67
1945-10-01,max,55.53
1945-10-01,avg,42.85
1945-10-01,min,30.16
1945-11-01,max,34.63
1945-11-01,avg,26.91
1945-11-01,min,19.2
1945-12-01,max,25.16
1945-12-01,avg,17.33
1945-12-01,min,9.52
1946-01-01,max,29.05
1946-01-01,avg,19.4
1946-01-01,min,9.77
1946-02-01,max,32.65
1946-02-01,avg,21.97
1946-02-01,min,11.3
1946-03-01,max,42.49
1946-03-01,avg,31.46
1946-03-01,min,20.43
1946-04-01,max,54.81
1946-04-01,avg,41.9
1946-04-01,min,28.98
1946-05-01,max,52.47
1946-05-01,avg,41.88
1946-05-01,min,31.26
1946-06-01,max,66.74
1946-06-01,avg,53.42
1946-06-01,min,40.12
1946-07-01,max,75.72
1946-07-01,avg,61.61
1946-07-01,min,47.5
1946-08-01,max,71.49
1946-08-01,avg,57.56
1946-08-01,min,43.61
1946-09-01,max,60.93
1946-09-01,avg,48.38
1946-09-01,min,35.82
1946-10-01,max,41.16
1946-10-01,avg,33.55
1946-10-01,min,25.95
1946-11-01,max,34.65
1946-11-01,avg,25.9
1946-11-01,min,17.17
1946-12-01,max,31.91
1946-12-01,avg,23.43
1946-12-01,min,14.95
1947-01-01,max,25.61
1947-01-01,avg,16.43
1947-01-01,min,7.27
1947-02-01,max,31.59
1947-02-01,avg,20.26
1947-02-01,min,8.94
1947-03-01,max,37.0
1947-03-01,avg,25.65
1947-03-01,min,14.31
1947-04-01,max,46.71
1947-04-01,avg,35.1
1947-04-01,min,23.49
1947-05-01,max,58.98
1947-05-01,avg,46.45
1947-05-01,min,33.93
1947-06-01,max,59.54
1947-06-01,avg,48.74
1947-06-01,min,37.92
1947-07-01,max,76.3
1947-07-01,avg,61.41
1947-07-01,min,46.53
1947-08-01,max,72.81
1947-08-01,avg,59.09
1947-08-01,min,45.39
1947-09-01,max,62.89
1947-09-01,avg,50.76
1947-09-01,min,38.62
1947-10-01,max,54.03
1947-10-01,avg,43.48
1947-10-01,min,32.94
1947-11-01,max,28.87
1947-11-01,avg,21.25
1947-11-01,min,13.64
1947-12-01,max,28.22
1947-12-01,avg,20.44
1947-12-01,min,12.69
1948-01-01,max,27.07
1948-01-01,avg,17.29
1948-01-01,min,7.52
1948-02-01,max,27.52
1948-02-01,avg,17.22
1948-02-01,min,6.93
1948-03-01,max,33.53
1948-03-01,avg,21.72
1948-03-01,min,9.91
1948-04-01,max,47.43
1948-04-01,avg,36.34
1948-04-01,min,25.25
1948-05-01,max,57.94
1948-05-01,avg,45.88
1948-05-01,min,33.8
1948-06-01,max,63.68
1948-06-01,avg,53.22
1948-06-01,min,42.73
1948-07-01,max,72.63
1948-07-01,avg,58.62
1948-07-01,min,44.6
1948-08-01,max,73.02
1948-08-01,avg,58.48
1948-08-01,min,43.93
1948-09-01,max,65.5
1948-09-01,avg,52.02
1948-09-01,min,38.53
1948-10-01,max,53.94
1948-10-01,avg,40.57
1948-10-01,min,27.18
1948-11-01,max,31.15
1948-11-01,avg,23.7
1948-11-01,min,16.25
1948-12-01,max,22.89
1948-12-01,avg,14.02
1948-12-01,min,5.14
1949-01-01,max,15.22
1949-01-01,avg,3.74
1949-01-01,min,-7.73
1949-02-01,max,26.78
1949-02-01,avg,15.85
1949-02-01,min,4.93
1949-03-01,max,36.81
1949-03-01,avg,25.95
1949-03-01,min,15.1
1949-04-01,max,54.1
1949-04-01,avg,40.51
1949-04-01,min,26.91
1949-05-01,max,58.51
1949-05-01,avg,46.92
1949-05-01,min,35.33
1949-06-01,max,63.88
1949-06-01,avg,51.91
1949-06-01,min,39.94
1949-07-01,max,75.25
1949-07-01,avg,60.06
1949-07-01,min,44.85
1949-08-01,max,74.39
1949-08-01,avg,59.65
1949-08-01,min,44.91
1949-09-01,max,62.19
1949-09-01,avg,49.1
1949-09-01,min,36.0
1949-10-01,max,42.33
1949-10-01,avg,33.78
1949-10-01,min,25.21
1949-11-01,max,45.91
1949-11-01,avg,35.92
1949-11-01,min,25.93
1949-12-01,max,27.93
1949-12-01,avg,19.29
1949-12-01,min,10.65
1950-01-01,max,20.16
1950-01-01,avg,10.92
1950-01-01,min,1.71
1950-02-01,max,35.65
1950-02-01,avg,25.59
1950-02-01,min,15.51
1950-03-01,max,34.92
1950-03-01,avg,24.44
1950-03-01,min,13.96
1950-04-01,max,45.19
1950-04-01,avg,33.66
1950-04-01,min,22.14
1950-05-01,max,51.66
1950-05-01,avg,39.65
1950-05-01,min,27.63
1950-06-01,max,62.92
1950-06-01,avg,50.2
1950-06-01,min,37.47
1950-07-01,max,68.72
1950-07-01,avg,56.03
1950-07-01,min,43.34
1950-08-01,max,70.54
1950-08-01,avg,56.39
1950-08-01,min,42.22
1950-09-01,max,58.39
1950-09-01,avg,47.28
1950-09-01,min,36.16
1950-10-01,max,53.26
1950-10-01,avg,42.55
1950-10-01,min,31.82
1950-11-01,max,34.72
1950-11-01,avg,26.47
1950-11-01,min,18.23
1950-12-01,max,33.42
1950-12-01,avg,25.39
1950-12-01,min,17.37
1951-01-01,max,23.38
1951-01-01,avg,14.11
1951-01-01,min,4.87
1951-02-01,max,33.91
1951-02-01,avg,23.25
1951-02-01,min,12.6
1951-03-01,max,33.31
1951-03-01,avg,21.83
1951-03-01,min,10.35
1951-04-01,max,46.18
1951-04-01,avg,33.84
1951-04-01,min,21.51
1951-05-01,max,57.58
1951-05-01,avg,45.66
1951-05-01,min,33.75
1951-06-01,max,57.11
1951-06-01,avg,46.09
1951-06-01,min,35.08
1951-07-01,max,72.45
1951-07-01,avg,58.84
1951-07-01,min,45.25
1951-08-01,max,68.22
1951-08-01,avg,56.37
1951-08-01,min,44.53
1951-09-01,max,59.81
1951-09-01,avg,46.62
1951-09-01,min,33.4
1951-10-01,max,44.6
1951-10-01,avg,35.98
1951-10-01,min,27.34
1951-11-01,max,34.63
1951-11-01,avg,25.47
1951-11-01,min,16.32
1951-12-01,max,23.31
1951-12-01,avg,14.88
1951-12-01,min,6.46
1952-01-01,max,25.92
1952-01-01,avg,16.81
1952-01-01,min,7.7
1952-02-01,max,32.23
1952-02-01,avg,20.88
1952-02-01,min,9.54
1952-03-01,max,33.37
1952-03-01,avg,21.9
1952-03-01,min,10.42
1952-04-01,max,53.06
1952-04-01,avg,39.36
1952-04-01,min,25.65
1952-05-01,max,57.72
1952-05-01,avg,45.93
1952-05-01,min,34.12
1952-06-01,max,67.87
1952-06-01,avg,54.27
1952-06-01,min,40.64
1952-07-01,max,72.5
1952-07-01,avg,58.21
1952-07-01,min,43.92
1952-08-01,max,71.64
1952-08-01,avg,58.21
1952-08-01,min,44.78
1952-09-01,max,68.58
1952-09-01,avg,53.22
1952-09-01,min,37.87
1952-10-01,max,57.78
1952-10-01,avg,42.75
1952-10-01,min,27.72
1952-11-01,max,33.1
1952-11-01,avg,22.26
1952-11-01,min,11.44
1952-12-01,max,30.16
1952-12-01,avg,22.15
1952-12-01,min,14.16
1953-01-01,max,36.19
1953-01-01,avg,29.05
1953-01-01,min,21.92
1953-02-01,max,31.91
1953-02-01,avg,22.19
1953-02-01,min,12.51
1953-03-01,max,41.14
1953-03-01,avg,29.68
1953-03-01,min,18.23
1953-04-01,max,41.81
1953-04-01,avg,30.74
1953-04-01,min,19.67
1953-05-01,max,51.31
1953-05-01,avg,40.44
1953-05-01,min,29.57
1953-06-01,max,65.84
1953-06-01,avg,52.47
1953-06-01,min,39.07
1953-07-01,max,77.72
1953-07-01,avg,62.58
1953-07-01,min,47.43
1953-08-01,max,73.92
1953-08-01,avg,59.43
1953-08-01,min,44.94
1953-09-01,max,66.81
1953-09-01,avg,51.8
1953-09-01,min,36.77
1953-10-01,max,55.74
1953-10-01,avg,42.93
1953-10-01,min,30.09
1953-11-01,max,42.26
1953-11-01,avg,33.04
1953-11-01,min,23.85
1953-12-01,max,29.17
1953-12-01,avg,21.06
1953-12-01,min,12.94
1954-01-01,max,29.37
1954-01-01,avg,20.37
1954-01-01,min,11.39
1954-02-01,max,40.95
1954-02-01,avg,30.09
1954-02-01,min,19.24
1954-03-01,max,33.22
1954-03-01,avg,21.72
1954-03-01,min,10.24
1954-04-01,max,47.55
1954-04-01,avg,36.3
1954-04-01,min,25.05
1954-05-01,max,57.51
1954-05-01,avg,45.16
1954-05-01,min,32.81
1954-06-01,max,62.47
1954-06-01,avg,50.34
1954-06-01,min,38.23
1954-07-01,max,77.58
1954-07-01,avg,62.91
1954-07-01,min,48.22
1954-08-01,max,72.28
1954-08-01,avg,57.61
1954-08-01,min,42.96
1954-09-01,max,64.94
1954-09-01,avg,50.63
1954-09-01,min,36.3
1954-10-01,max,50.81
1954-10-01,avg,37.83
1954-10-01,min,24.85
1954-11-01,max,44.06
1954-11-01,avg,33.75
1954-11-01,min,23.43
1954-12-01,max,31.23
1954-12-01,avg,21.09
1954-12-01,min,10.98
1955-01-01,max,26.65
1955-01-01,avg,17.15
1955-01-01,min,7.66
1955-02-01,max,26.92
1955-02-01,avg,16.43
1955-02-01,min,5.94
1955-03-01,max,30.4
1955-03-01,avg,18.84
1955-03-01,min,7.3
1955-04-01,max,45.57
1955-04-01,avg,34.02
1955-04-01,min,22.44
1955-05-01,max,56.46
1955-05-01,avg,44.44
1955-05-01,min,32.43
1955-06-01,max,63.09
1955-06-01,avg,51.03
1955-06-01,min,38.97
1955-07-01,max,74.61
1955-07-01,avg,60.66
1955-07-01,min,46.69
1955-08-01,max,76.48
1955-08-01,avg,61.86
1955-08-01,min,47.25
1955-09-01,max,61.88
1955-09-01,avg,48.96
1955-09-01,min,36.01
1955-10-01,max,54.36
1955-10-01,avg,41.61
1955-10-01,min,28.89
1955-11-01,max,27.99
1955-11-01,avg,19.17
1955-11-01,min,10.36
1955-12-01,max,27.21
1955-12-01,avg,18.19
1955-12-01,min,9.18
1956-01-01,max,28.8
1956-01-01,avg,19.71
1956-01-01,min,10.62
1956-02-01,max,26.83
1956-02-01,avg,15.31
1956-02-01,min,3.81
1956-03-01,max,36.45
1956-03-01,avg,25.02
1956-03-01,min,13.59
1956-04-01,max,45.54
1956-04-01,avg,34.23
1956-04-01,min,22.95
1956-05-01,max,58.3
1956-05-01,avg,46.56
1956-05-01,min,34.83
1956-06-01,max,71.74
1956-06-01,avg,56.44
1956-06-01,min,41.13
1956-07-01,max,74.37
1956-07-01,avg,60.04
1956-07-01,min,45.72
1956-08-01,max,70.66
1956-08-01,avg,56.44
1956-08-01,min,42.22
1956-09-01,max,66.16
1956-09-01,avg,51.4
1956-09-01,min,36.63
1956-10-01,max,51.98
1956-10-01,avg,40.62
1956-10-01,min,29.25
1956-11-01,max,34.75
1956-11-01,avg,24.28
1956-11-01,min,13.82
1956-12-01,max,31.93
1956-12-01,avg,21.92
1956-12-01,min,11.93
1957-01-01,max,18.59
1957-01-01,avg,7.7
1957-01-01,min,-3.17
1957-02-01,max,34.95
1957-02-01,avg,24.06
1957-02-01,min,13.17
1957-03-01,max,38.97
1957-03-01,avg,27.27
1957-03-01,min,15.55
1957-04-01,max,43.16
1957-04-01,avg,32.61
1957-04-01,min,22.05
1957-05-01,max,55.94
1957-05-01,avg,45.64
1957-05-01,min,35.33
1957-06-01,max,63.32
1957-06-01,avg,51.93
1957-06-01,min,40.51
1957-07-01,max,75.87
1957-07-01,avg,61.27
1957-07-01,min,46.67
1957-08-01,max,73.54
1957-08-01,avg,59.25
1957-08-01,min,44.96
1957-09-01,max,61.83
1957-09-01,avg,48.78
1957-09-01,min,35.71
1957-10-01,max,47.88
1957-10-01,avg,38.34
1957-10-01,min,28.8
1957-11-01,max,31.42
1957-11-01,avg,22.73
1957-11-01,min,14.04
1957-12-01,max,34.12
1957-12-01,avg,25.11
1957-12-01,min,16.09
1958-01-01,max,33.15
1958-01-01,avg,22.33
1958-01-01,min,11.53
1958-02-01,max,36.93
1958-02-01,avg,26.2
1958-02-01,min,15.48
1958-03-01,max,34.61
1958-03-01,avg,24.1
1958-03-01,min,13.6
1958-04-01,max,43.99
1958-04-01,avg,33.3
1958-04-01,min,22.59
1958-05-01,max,64.85
1958-05-01,avg,50.77
1958-05-01,min,36.7
1958-06-01,max,64.31
1958-06-01,avg,52.38
1958-06-01,min,40.42
1958-07-01,max,68.94
1958-07-01,avg,56.08
1958-07-01,min,43.21
1958-08-01,max,74.41
1958-08-01,avg,60.46
1958-08-01,min,46.51
1958-09-01,max,63.93
1958-09-01,avg,50.23
1958-09-01,min,36.55
1958-10-01,max,55.35
1958-10-01,avg,41.88
1958-10-01,min,28.44
1958-11-01,max,36.28
1958-11-01,avg,27.01
1958-11-01,min,17.76
1958-12-01,max,31.93
1958-12-01,avg,22.95
1958-12-01,min,13.98
1959-01-01,max,28.17
1959-01-01,avg,19.0
1959-01-01,min,9.84
1959-02-01,max,28.49
1959-02-01,avg,17.89
1959-02-01,min,7.3
1959-03-01,max,38.08
1959-03-01,avg,27.03
1959-03-01,min,15.98
1959-04-01,max,46.2
1959-04-01,avg,34.59
1959-04-01,min,22.96
1959-05-01,max,51.64
1959-05-01,avg,40.62
1959-05-01,min,29.61
1959-06-01,max,70.14
1959-06-01,avg,56.07
1959-06-01,min,41.97
1959-07-01,max,75.87
1959-07-01,avg,60.55
1959-07-01,min,45.21
1959-08-01,max,73.85
1959-08-01,avg,58.78
1959-08-01,min,43.7
1959-09-01,max,59.36
1959-09-01,avg,48.09
1959-09-01,min,36.82
1959-10-01,max,48.27
1959-10-01,avg,37.89
1959-10-01,min,27.48
1959-11-01,max,34.38
1959-11-01,avg,23.05
1959-11-01,min,11.75
1959-12-01,max,32.29
1959-12-01,avg,21.99
1959-12-01,min,11.71
1960-01-01,max,26.89
1960-01-01,avg,18.27
1960-01-01,min,9.66
1960-02-01,max,25.75
1960-02-01,avg,15.31
1960-02-01,min,4.89
1960-03-01,max,39.0
1960-03-01,avg,27.01
1960-03-01,min,15.04
1960-04-01,max,47.37
1960-04-01,avg,35.91
1960-04-01,min,24.44
1960-05-01,max,57.58
1960-05-01,avg,44.82
1960-05-01,min,32.05
1960-06-01,max,68.58
1960-06-01,avg,54.45
1960-06-01,min,40.32
1960-07-01,max,77.83
1960-07-01,avg,62.56
1960-07-01,min,47.3
1960-08-01,max,71.83
1960-08-01,avg,57.42
1960-08-01,min,43.0
1960-09-01,max,65.01
1960-09-01,avg,51.26
1960-09-01,min,37.51
1960-10-01,max,51.1
1960-10-01,avg,40.19
1960-10-01,min,29.26
1960-11-01,max,35.29
1960-11-01,avg,26.65
1960-11-01,min,18.03
1960-12-01,max,29.77
1960-12-01,avg,19.58
1960-12-01,min,9.41
1961-01-01,max,32.5
1961-01-01,avg,21.2
1961-01-01,min,9.88
1961-02-01,max,36.46
1961-02-01,avg,27.61
1961-02-01,min,18.77
1961-03-01,max,40.78
1961-03-01,avg,29.66
1961-03-01,min,18.55
1961-04-01,max,44.56
1961-04-01,avg,33.21
1961-04-01,min,21.87
1961-05-01,max,57.07
1961-05-01,avg,45.3
1961-05-01,min,33.53
1961-06-01,max,72.57
1961-06-01,avg,57.72
1961-06-01,min,42.87
1961-07-01,max,75.69
1961-07-01,avg,61.27
1961-07-01,min,46.85
1961-08-01,max,75.13
1961-08-01,avg,61.52
1961-08-01,min,47.91
1961-09-01,max,52.23
1961-09-01,avg,42.64
1961-09-01,min,33.04
1961-10-01,max,46.81
1961-10-01,avg,36.82
1961-10-01,min,26.8
1961-11-01,max,33.73
1961-11-01,avg,24.3
1961-11-01,min,14.88
1961-12-01,max,24.19
1961-12-01,avg,15.89
1961-12-01,min,7.61
1962-01-01,max,20.55
1962-01-01,avg,10.11
1962-01-01,min,-0.33
1962-02-01,max,29.43
1962-02-01,avg,20.21
1962-02-01,min,10.99
1962-03-01,max,35.26
1962-03-01,avg,24.17
1962-03-01,min,13.1
1962-04-01,max,51.4
1962-04-01,avg,38.44
1962-04-01,min,25.48
1962-05-01,max,55.31
1962-05-01,avg,44.46
1962-05-01,min,33.58
1962-06-01,max,65.14
1962-06-01,avg,52.52
1962-06-01,min,39.88
1962-07-01,max,70.75
1962-07-01,avg,57.31
1962-07-01,min,43.84
1962-08-01,max,70.77
1962-08-01,avg,56.71
1962-08-01,min,42.66
1962-09-01,max,63.16
1962-09-01,avg,49.44
1962-09-01,min,35.73
1962-10-01,max,55.87
1962-10-01,avg,43.29
1962-10-01,min,30.67
1962-11-01,max,40.41
1962-11-01,avg,31.05
1962-11-01,min,21.69
1962-12-01,max,33.48
1962-12-01,avg,24.42
1962-12-01,min,15.39
1963-01-01,max,19.31
1963-01-01,avg,8.56
1963-01-01,min,-2.16
1963-02-01,max,38.41
1963-02-01,avg,28.44
1963-02-01,min,18.46
1963-03-01,max,39.94
1963-03-01,avg,27.82
1963-03-01,min,15.73
1963-04-01,max,45.07
1963-04-01,avg,34.16
1963-04-01,min,23.23
1963-05-01,max,57.15
1963-05-01,avg,45.54
1963-05-01,min,33.91
1963-06-01,max,63.59
1963-06-01,avg,51.94
1963-06-01,min,40.28
1963-07-01,max,75.15
1963-07-01,avg,59.7
1963-07-01,min,44.26
1963-08-01,max,73.9
1963-08-01,avg,59.29
1963-08-01,min,44.65
1963-09-01,max,66.33
1963-09-01,avg,54.34
1963-09-01,min,42.33
1963-10-01,max,57.6
1963-10-01,avg,45.57
1963-10-01,min,33.53
1963-11-01,max,39.67
1963-11-01,avg,30.81
1963-11-01,min,21.96
1963-12-01,max,28.72
1963-12-01,avg,18.86
1963-12-01,min,9.0
1964-01-01,max,26.85
1964-01-01,avg,18.18
1964-01-01,min,9.52
1964-02-01,max,28.0
1964-02-01,avg,17.13
1964-02-01,min,6.26
1964-03-01,max,32.49
1964-03-01,avg,20.8
1964-03-01,min,9.16
1964-04-01,max,45.68
1964-04-01,avg,34.79
1964-04-01,min,23.92
1964-05-01,max,55.83
1964-05-01,avg,44.55
1964-05-01,min,33.28
1964-06-01,max,60.49
1964-06-01,avg,50.27
1964-06-01,min,40.05
1964-07-01,max,77.04
1964-07-01,avg,62.22
1964-07-01,min,47.41
1964-08-01,max,69.64
1964-08-01,avg,55.87
1964-08-01,min,42.1
1964-09-01,max,61.83
1964-09-01,avg,47.97
1964-09-01,min,34.09
1964-10-01,max,54.88
1964-10-01,avg,41.83
1964-10-01,min,28.76
1964-11-01,max,35.06
1964-11-01,avg,26.02
1964-11-01,min,17.02
1964-12-01,max,26.19
1964-12-01,avg,18.14
1964-12-01,min,10.09
1965-01-01,max,31.21
1965-01-01,avg,23.43
1965-01-01,min,15.67
1965-02-01,max,30.49
1965-02-01,avg,19.74
1965-02-01,min,9.0
1965-03-01,max,27.54
1965-03-01,avg,14.67
1965-03-01,min,1.8
1965-04-01,max,46.9
1965-04-01,avg,36.88
1965-04-01,min,26.83
1965-05-01,max,52.39
1965-05-01,avg,41.68
1965-05-01,min,30.96
1965-06-01,max,62.64
1965-06-01,avg,51.12
1965-06-01,min,39.58
1965-07-01,max,72.5
1965-07-01,avg,59.29
1965-07-01,min,46.08
1965-08-01,max,69.21
1965-08-01,avg,56.53
1965-08-01,min,43.84
1965-09-01,max,49.68
1965-09-01,avg,39.79
1965-09-01,min,29.91
1965-10-01,max,57.67
1965-10-01,avg,44.13
1965-10-01,min,30.6
1965-11-01,max,41.52
1965-11-01,avg,32.38
1965-11-01,min,23.23
1965-12-01,max,32.23
1965-12-01,avg,23.25
1965-12-01,min,14.29
1966-01-01,max,27.07
1966-01-01,avg,18.34
1966-01-01,min,9.61
1966-02-01,max,30.69
1966-02-01,avg,19.54
1966-02-01,min,8.4
1966-03-01,max,41.7
1966-03-01,avg,28.78
1966-03-01,min,15.85
1966-04-01,max,44.06
1966-04-01,avg,32.76
1966-04-01,min,21.45
1966-05-01,max,62.33
1966-05-01,avg,47.64
1966-05-01,min,32.94
1966-06-01,max,64.45
1966-06-01,avg,51.67
1966-06-01,min,38.88
1966-07-01,max,79.14
1966-07-01,avg,63.46
1966-07-01,min,47.79
1966-08-01,max,71.58
1966-08-01,avg,57.61
1966-08-01,min,43.63
1966-09-01,max,66.02
1966-09-01,avg,53.55
1966-09-01,min,41.09
1966-10-01,max,50.38
1966-10-01,avg,38.61
1966-10-01,min,26.82
1966-11-01,max,37.18
1966-11-01,avg,28.2
1966-11-01,min,19.2
1966-12-01,max,28.62
1966-12-01,avg,20.64
1966-12-01,min,12.67
1967-01-01,max,30.34
1967-01-01,avg,22.73
1967-01-01,min,15.15
1967-02-01,max,32.94
1967-02-01,avg,23.25
1967-02-01,min,13.59
1967-03-01,max,37.6
1967-03-01,avg,26.92
1967-03-01,min,16.25
1967-04-01,max,43.61
1967-04-01,avg,32.67
1967-04-01,min,21.7
1967-05-01,max,53.85
1967-05-01,avg,42.17
1967-05-01,min,30.49
1967-06-01,max,59.77
1967-06-01,avg,49.73
1967-06-01,min,39.67
1967-07-01,max,73.67
1967-07-01,avg,59.95
1967-07-01,min,46.22
1967-08-01,max,74.5
1967-08-01,avg,59.29
1967-08-01,min,44.08
1967-09-01,max,66.07
1967-09-01,avg,53.02
1967-09-01,min,39.97
1967-10-01,max,51.85
1967-10-01,avg,40.62
1967-10-01,min,29.39
1967-11-01,max,36.48
1967-11-01,avg,27.28
1967-11-01,min,18.09
1967-12-01,max,23.04
1967-12-01,avg,14.09
1967-12-01,min,5.16
1968-01-01,max,26.22
1968-01-01,avg,16.02
1968-01-01,min,5.85
1968-02-01,max,34.72
1968-02-01,avg,24.84
1968-02-01,min,14.97
1968-03-01,max,42.87
1968-03-01,avg,30.96
1968-03-01,min,19.04
1968-04-01,max,43.29
1968-04-01,avg,31.55
1968-04-01,min,19.81
1968-05-01,max,52.77
1968-05-01,avg,41.43
1968-05-01,min,30.07
1968-06-01,max,63.75
1968-06-01,avg,51.37
1968-06-01,min,38.98
1968-07-01,max,74.55
1968-07-01,avg,59.5
1968-07-01,min,44.44
1968-08-01,max,66.24
1968-08-01,avg,54.46
1968-08-01,min,42.69
1968-09-01,max,60.66
1968-09-01,avg,48.67
1968-09-01,min,36.66
1968-10-01,max,52.18
1968-10-01,avg,40.1
1968-10-01,min,28.02
1968-11-01,max,34.12
1968-11-01,avg,25.61
1968-11-01,min,17.11
1968-12-01,max,24.71
1968-12-01,avg,16.07
1968-12-01,min,7.43
1969-01-01,max,25.66
1969-01-01,avg,17.24
1969-01-01,min,8.82
1969-02-01,max,31.14
1969-02-01,avg,21.4
1969-02-01,min,11.66
1969-03-01,max,35.85
1969-03-01,avg,22.93
1969-03-01,min,10.0
1969-04-01,max,52.16
1969-04-01,avg,39.56
1969-04-01,min,26.92
1969-05-01,max,61.12
1969-05-01,avg,47.07
1969-05-01,min,33.01
1969-06-01,max,60.44
1969-06-01,avg,49.06
1969-06-01,min,37.69
1969-07-01,max,74.1
1969-07-01,avg,59.59
1969-07-01,min,45.09
1969-08-01,max,77.54
1969-08-01,avg,61.66
1969-08-01,min,45.79
1969-09-01,max,66.9
1969-09-01,avg,52.74
1969-09-01,min,38.59
1969-10-01,max,41.92
1969-10-01,avg,32.76
1969-10-01,min,23.58
1969-11-01,max,39.02
1969-11-01,avg,28.71
1969-11-01,min,18.39
1969-12-01,max,31.28
1969-12-01,avg,22.55
1969-12-01,min,13.8
1970-01-01,max,27.73
1970-01-01,avg,19.58
1970-01-01,min,11.43
1970-02-01,max,38.48
1970-02-01,avg,26.38
1970-02-01,min,14.31
1970-03-01,max,34.48
1970-03-01,avg,23.67
1970-03-01,min,12.87
1970-04-01,max,38.41
1970-04-01,avg,28.44
1970-04-01,min,18.46
1970-05-01,max,56.73
1970-05-01,avg,44.51
1970-05-01,min,32.29
1970-06-01,max,67.21
1970-06-01,avg,54.14
1970-06-01,min,41.05
1970-07-01,max,75.63
1970-07-01,avg,61.23
1970-07-01,min,46.81
1970-08-01,max,77.77
1970-08-01,avg,61.59
1970-08-01,min,45.39
1970-09-01,max,57.07
1970-09-01,avg,45.23
1970-09-01,min,33.39
1970-10-01,max,46.15
1970-10-01,avg,35.13
1970-10-01,min,24.1
1970-11-01,max,35.56
1970-11-01,avg,26.74
1970-11-01,min,17.92
1970-12-01,max,26.83
1970-12-01,avg,18.99
1970-12-01,min,11.12
1971-01-01,max,26.49
1971-01-01,avg,19.27
1971-01-01,min,12.06
1971-02-01,max,30.78
1971-02-01,avg,21.06
1971-02-01,min,11.34
1971-03-01,max,35.29
1971-03-01,avg,24.66
1971-03-01,min,14.02
1971-04-01,max,45.63
1971-04-01,avg,34.29
1971-04-01,min,22.95
1971-05-01,max,55.76
1971-05-01,avg,44.26
1971-05-01,min,32.76
1971-06-01,max,66.6
1971-06-01,avg,53.06
1971-06-01,min,39.54
1971-07-01,max,72.82
1971-07-01,avg,57.87
1971-07-01,min,42.89
1971-08-01,max,78.62
1971-08-01,avg,63.37
1971-08-01,min,48.13
1971-09-01,max,58.3
1971-09-01,avg,45.84
1971-09-01,min,33.39
1971-10-01,max,45.25
1971-10-01,avg,35.6
1971-10-01,min,25.95
1971-11-01,max,35.49
1971-11-01,avg,26.51
1971-11-01,min,17.53
1971-12-01,max,24.4
1971-12-01,avg,16.25
1971-12-01,min,8.1
1972-01-01,max,22.21
1972-01-01,avg,13.59
1972-01-01,min,4.98
1972-02-01,max,33.46
1972-02-01,avg,24.35
1972-02-01,min,15.24
1972-03-01,max,45.01
1972-03-01,avg,33.58
1972-03-01,min,22.17
1972-04-01,max,46.8
1972-04-01,avg,35.06
1972-04-01,min,23.31
1972-05-01,max,56.17
1972-05-01,avg,44.38
1972-05-01,min,32.59
1972-06-01,max,67.57
1972-06-01,avg,54.52
1972-06-01,min,41.45
1972-07-01,max,70.61
1972-07-01,avg,56.5
1972-07-01,min,42.39
1972-08-01,max,71.35
1972-08-01,avg,58.17
1972-08-01,min,44.98
1972-09-01,max,58.05
1972-09-01,avg,46.44
1972-09-01,min,34.83
1972-10-01,max,48.54
1972-10-01,avg,37.8
1972-10-01,min,27.03
1972-11-01,max,33.55
1972-11-01,avg,25.68
1972-11-01,min,17.82
1972-12-01,max,20.16
1972-12-01,avg,11.82
1972-12-01,min,3.51
1973-01-01,max,24.93
1973-01-01,avg,15.33
1973-01-01,min,5.76
1973-02-01,max,33.44
1973-02-01,avg,21.97
1973-02-01,min,10.53
1973-03-01,max,37.81
1973-03-01,avg,26.82
1973-03-01,min,15.84
1973-04-01,max,41.0
1973-04-01,avg,30.81
1973-04-01,min,20.62
1973-05-01,max,56.73
1973-05-01,avg,43.79
1973-05-01,min,30.85
1973-06-01,max,66.9
1973-06-01,avg,53.98
1973-06-01,min,41.05
1973-07-01,max,73.06
1973-07-01,avg,59.36
1973-07-01,min,45.63
1973-08-01,max,74.05
1973-08-01,avg,59.52
1973-08-01,min,45.0
1973-09-01,max,58.46
1973-09-01,avg,47.59
1973-09-01,min,36.7
1973-10-01,max,52.88
1973-10-01,avg,41.5
1973-10-01,min,30.13
1973-11-01,max,32.63
1973-11-01,avg,25.93
1973-11-01,min,19.26
1973-12-01,max,31.15
1973-12-01,avg,23.11
1973-12-01,min,15.08
1974-01-01,max,24.3
1974-01-01,avg,16.23
1974-01-01,min,8.17
1974-02-01,max,34.88
1974-02-01,avg,24.91
1974-02-01,min,14.94
1974-03-01,max,38.46
1974-03-01,avg,27.95
1974-03-01,min,17.46
1974-04-01,max,48.06
1974-04-01,avg,36.54
1974-04-01,min,25.0
1974-05-01,max,53.22
1974-05-01,avg,41.52
1974-05-01,min,29.82
1974-06-01,max,70.75
1974-06-01,avg,55.72
1974-06-01,min,40.68
1974-07-01,max,76.82
1974-07-01,avg,61.93
1974-07-01,min,47.01
1974-08-01,max,69.04
1974-08-01,avg,55.11
1974-08-01,min,41.18
1974-09-01,max,63.43
1974-09-01,avg,48.16
1974-09-01,min,32.88
1974-10-01,max,54.27
1974-10-01,avg,41.54
1974-10-01,min,28.8
1974-11-01,max,37.17
1974-11-01,avg,28.29
1974-11-01,min,19.44
1974-12-01,max,28.31
1974-12-01,avg,19.51
1974-12-01,min,10.71
1975-01-01,max,24.69
1975-01-01,avg,15.84
1975-01-01,min,6.98
1975-02-01,max,27.39
1975-02-01,avg,16.21
1975-02-01,min,5.05
1975-03-01,max,34.47
1975-03-01,avg,24.55
1975-03-01,min,14.67
1975-04-01,max,37.89
1975-04-01,avg,27.72
1975-04-01,min,17.56
1975-05-01,max,50.58
1975-05-01,avg,40.08
1975-05-01,min,29.57
1975-06-01,max,61.32
1975-06-01,avg,49.3
1975-06-01,min,37.26
1975-07-01,max,75.07
1975-07-01,avg,61.68
1975-07-01,min,48.27
1975-08-01,max,69.55
1975-08-01,avg,55.42
1975-08-01,min,41.29
1975-09-01,max,63.91
1975-09-01,avg,48.67
1975-09-01,min,33.42
1975-10-01,max,48.16
1975-10-01,avg,38.14
1975-10-01,min,28.11
1975-11-01,max,33.26
1975-11-01,avg,23.74
1975-11-01,min,14.23
1975-12-01,max,31.44
1975-12-01,avg,23.34
1975-12-01,min,15.24
1976-01-01,max,28.09
1976-01-01,avg,18.86
1976-01-01,min,9.64
1976-02-01,max,33.21
1976-02-01,avg,23.92
1976-02-01,min,14.61
1976-03-01,max,34.74
1976-03-01,avg,22.75
1976-03-01,min,10.78
1976-04-01,max,46.89
1976-04-01,avg,35.89
1976-04-01,min,24.91
1976-05-01,max,59.7
1976-05-01,avg,46.62
1976-05-01,min,33.55
1976-06-01,max,64.0
1976-06-01,avg,50.77
1976-06-01,min,37.53
1976-07-01,max,77.09
1976-07-01,avg,61.52
1976-07-01,min,45.95
1976-08-01,max,71.2
1976-08-01,avg,57.13
1976-08-01,min,43.03
1976-09-01,max,64.4
1976-09-01,avg,50.95
1976-09-01,min,37.49
1976-10-01,max,49.96
1976-10-01,avg,37.63
1976-10-01,min,25.29
1976-11-01,max,38.93
1976-11-01,avg,28.63
1976-11-01,min,18.32
1976-12-01,max,32.02
1976-12-01,avg,22.14
1976-12-01,min,12.25
1977-01-01,max,24.85
1977-01-01,avg,14.41
1977-01-01,min,3.96
1977-02-01,max,38.61
1977-02-01,avg,26.46
1977-02-01,min,14.29
1977-03-01,max,35.96
1977-03-01,avg,24.8
1977-03-01,min,13.66
1977-04-01,max,53.4
1977-04-01,avg,39.18
1977-04-01,min,24.94
1977-05-01,max,55.38
1977-05-01,avg,44.31
1977-05-01,min,33.24
1977-06-01,max,70.5
1977-06-01,avg,57.07
1977-06-01,min,43.63
1977-07-01,max,74.61
1977-07-01,avg,60.4
1977-07-01,min,46.18
1977-08-01,max,68.47
1977-08-01,avg,55.58
1977-08-01,min,42.71
1977-09-01,max,62.33
1977-09-01,avg,49.19
1977-09-01,min,36.07
1977-10-01,max,52.65
1977-10-01,avg,40.64
1977-10-01,min,28.62
1977-11-01,max,35.22
1977-11-01,avg,26.22
1977-11-01,min,17.22
1977-12-01,max,27.82
1977-12-01,avg,19.02
1977-12-01,min,10.24
1978-01-01,max,24.98
1978-01-01,avg,15.21
1978-01-01,min,5.45
1978-02-01,max,27.93
1978-02-01,avg,18.1
1978-02-01,min,8.29
1978-03-01,max,41.36
1978-03-01,avg,30.13
1978-03-01,min,18.88
1978-04-01,max,47.48
1978-04-01,avg,37.22
1978-04-01,min,26.94
1978-05-01,max,52.14
1978-05-01,avg,42.15
1978-05-01,min,32.14
1978-06-01,max,66.33
1978-06-01,avg,52.81
1978-06-01,min,39.27
1978-07-01,max,72.21
1978-07-01,avg,58.37
1978-07-01,min,44.55
1978-08-01,max,70.21
1978-08-01,avg,56.3
1978-08-01,min,42.4
1978-09-01,max,62.92
1978-09-01,avg,50.23
1978-09-01,min,37.54
1978-10-01,max,54.84
1978-10-01,avg,41.36
1978-10-01,min,27.86
1978-11-01,max,29.5
1978-11-01,avg,19.98
1978-11-01,min,10.45
1978-12-01,max,17.35
1978-12-01,avg,7.86
1978-12-01,min,-1.61
1979-01-01,max,12.13
1979-01-01,avg,2.39
1979-01-01,min,-7.35
1979-02-01,max,27.81
1979-02-01,avg,18.61
1979-02-01,min,9.39
1979-03-01,max,39.51
1979-03-01,avg,28.45
1979-03-01,min,17.38
1979-04-01,max,46.44
1979-04-01,avg,34.83
1979-04-01,min,23.22
1979-05-01,max,55.33
1979-05-01,avg,43.57
1979-05-01,min,31.8
1979-06-01,max,67.21
1979-06-01,avg,52.92
1979-06-01,min,38.61
1979-07-01,max,75.6
1979-07-01,avg,60.51
1979-07-01,min,45.43
1979-08-01,max,70.48
1979-08-01,avg,58.41
1979-08-01,min,46.33
1979-09-01,max,69.91
1979-09-01,avg,54.36
1979-09-01,min,38.79
1979-10-01,max,54.48
1979-10-01,avg,42.24
1979-10-01,min,30.0
1979-11-01,max,32.68
1979-11-01,avg,22.57
1979-11-01,min,12.45
1979-12-01,max,34.84
1979-12-01,avg,24.24
1979-12-01,min,13.64
1980-01-01,max,23.59
1980-01-01,avg,13.57
1980-01-01,min,3.54
1980-02-01,max,33.22
1980-02-01,avg,23.7
1980-02-01,min,14.18
1980-03-01,max,35.8
1980-03-01,avg,25.65
1980-03-01,min,15.51
1980-04-01,max,51.73
1980-04-01,avg,38.68
1980-04-01,min,25.61
1980-05-01,max,56.88
1980-05-01,avg,46.04
1980-05-01,min,35.19
1980-06-01,max,66.43
1980-06-01,avg,53.26
1980-06-01,min,40.06
1980-07-01,max,75.74
1980-07-01,avg,61.14
1980-07-01,min,46.53
1980-08-01,max,68.45
1980-08-01,avg,55.38
1980-08-01,min,42.3
1980-09-01,max,62.56
1980-09-01,avg,50.34
1980-09-01,min,38.1
1980-10-01,max,51.8
1980-10-01,avg,39.7
1980-10-01,min,27.59
1980-11-01,max,38.73
1980-11-01,avg,29.46
1980-11-01,min,20.19
1980-12-01,max,36.68
1980-12-01,avg,27.66
1980-12-01,min,18.64
1981-01-01,max,37.72
1981-01-01,avg,26.55
1981-01-01,min,15.37
1981-02-01,max,34.18
1981-02-01,avg,23.43
1981-02-01,min,12.7
1981-03-01,max,43.66
1981-03-01,avg,31.64
1981-03-01,min,19.63
1981-04-01,max,50.58
1981-04-01,avg,38.61
1981-04-01,min,26.65
1981-05-01,max,53.29
1981-05-01,avg,43.92
1981-05-01,min,34.52
1981-06-01,max,63.41
1981-06-01,avg,51.4
1981-06-01,min,39.36
1981-07-01,max,74.55
1981-07-01,avg,59.61
1981-07-01,min,44.67
1981-08-01,max,75.76
1981-08-01,avg,60.22
1981-08-01,min,44.67
1981-09-01,max,67.19
1981-09-01,avg,52.57
1981-09-01,min,37.94
1981-10-01,max,46.71
1981-10-01,avg,36.72
1981-10-01,min,26.73
1981-11-01,max,42.12
1981-11-01,avg,32.32
1981-11-01,min,22.53
1981-12-01,max,30.24
1981-12-01,avg,21.52
1981-12-01,min,12.79
1982-01-01,max,23.56
1982-01-01,avg,13.78
1982-01-01,min,4.03
1982-02-01,max,29.52
1982-02-01,avg,19.04
1982-02-01,min,8.56
1982-03-01,max,37.89
1982-03-01,avg,27.68
1982-03-01,min,17.47
1982-04-01,max,44.28
1982-04-01,avg,31.6
1982-04-01,min,18.93
1982-05-01,max,53.64
1982-05-01,avg,41.74
1982-05-01,min,29.84
1982-06-01,max,61.05
1982-06-01,avg,49.77
1982-06-01,min,38.5
1982-07-01,max,71.01
1982-07-01,avg,58.39
1982-07-01,min,45.75
1982-08-01,max,75.49
1982-08-01,avg,60.69
1982-08-01,min,45.9
1982-09-01,max,59.02
1982-09-01,avg,47.86
1982-09-01,min,36.66
1982-10-01,max,46.62
1982-10-01,avg,37.4
1982-10-01,min,28.18
1982-11-01,max,32.52
1982-11-01,avg,23.97
1982-11-01,min,15.42
1982-12-01,max,27.7
1982-12-01,avg,19.9
1982-12-01,min,12.11
1983-01-01,max,34.48
1983-01-01,avg,25.47
1983-01-01,min,16.47
1983-02-01,max,37.35
1983-02-01,avg,26.6
1983-02-01,min,15.87
1983-03-01,max,39.83
1983-03-01,avg,30.24
1983-03-01,min,20.64
1983-04-01,max,43.32
1983-04-01,avg,32.05
1983-04-01,min,20.8
1983-05-01,max,52.5
1983-05-01,avg,41.32
1983-05-01,min,30.13
1983-06-01,max,62.87
1983-06-01,avg,50.83
1983-06-01,min,38.75
1983-07-01,max,73.06
1983-07-01,avg,59.13
1983-07-01,min,45.19
1983-08-01,max,75.88
1983-08-01,avg,62.64
1983-08-01,min,49.39
1983-09-01,max,61.54
1983-09-01,avg,49.03
1983-09-01,min,36.52
1983-10-01,max,52.05
1983-10-01,avg,41.25
1983-10-01,min,30.43
1983-11-01,max,33.87
1983-11-01,avg,26.85
1983-11-01,min,19.83
1983-12-01,max,16.45
1983-12-01,avg,7.29
1983-12-01,min,-1.86
1984-01-01,max,27.57
1984-01-01,avg,19.04
1984-01-01,min,10.51
1984-02-01,max,34.7
1984-02-01,avg,23.16
1984-02-01,min,11.62
1984-03-01,max,38.37
1984-03-01,avg,28.72
1984-03-01,min,19.09
1984-04-01,max,45.03
1984-04-01,avg,33.42
1984-04-01,min,21.83
1984-05-01,max,55.56
1984-05-01,avg,43.54
1984-05-01,min,31.5
1984-06-01,max,63.73
1984-06-01,avg,51.15
1984-06-01,min,38.57
1984-07-01,max,75.11
1984-07-01,avg,61.34
1984-07-01,min,47.57
1984-08-01,max,74.16
1984-08-01,avg,60.66
1984-08-01,min,47.16
1984-09-01,max,57.78
1984-09-01,avg,45.23
1984-09-01,min,32.68
1984-10-01,max,45.27
1984-10-01,avg,34.07
1984-10-01,min,22.86
1984-11-01,max,36.28
1984-11-01,avg,26.69
1984-11-01,min,17.08
1984-12-01,max,24.93
1984-12-01,avg,14.31
1984-12-01,min,3.7
1985-01-01,max,25.21
1985-01-01,avg,14.0
1985-01-01,min,2.79
1985-02-01,max,26.76
1985-02-01,avg,14.83
1985-02-01,min,2.91
1985-03-01,max,38.62
1985-03-01,avg,25.38
1985-03-01,min,12.15
1985-04-01,max,52.25
1985-04-01,avg,39.07
1985-04-01,min,25.92
1985-05-01,max,60.46
1985-05-01,avg,47.48
1985-05-01,min,34.5
1985-06-01,max,67.64
1985-06-01,avg,53.89
1985-06-01,min,40.14
1985-07-01,max,76.59
1985-07-01,avg,62.08
1985-07-01,min,47.57
1985-08-01,max,70.93
1985-08-01,avg,55.99
1985-08-01,min,41.04
1985-09-01,max,54.84
1985-09-01,avg,43.79
1985-09-01,min,32.74
1985-10-01,max,49.19
1985-10-01,avg,37.24
1985-10-01,min,25.27
1985-11-01,max,24.01
1985-11-01,avg,15.31
1985-11-01,min,6.64
1985-12-01,max,26.29
1985-12-01,avg,17.55
1985-12-01,min,8.8
1986-01-01,max,34.2
1986-01-01,avg,24.94
1986-01-01,min,15.69
1986-02-01,max,31.33
1986-02-01,avg,21.94
1986-02-01,min,12.54
1986-03-01,max,47.35
1986-03-01,avg,35.78
1986-03-01,min,24.22
1986-04-01,max,47.77
1986-04-01,avg,36.68
1986-04-01,min,25.57
1986-05-01,max,57.34
1986-05-01,avg,44.17
1986-05-01,min,30.99
1986-06-01,max,72.05
1986-06-01,avg,57.36
1986-06-01,min,42.67
1986-07-01,max,70.7
1986-07-01,avg,56.66
1986-07-01,min,42.64
1986-08-01,max,73.78
1986-08-01,avg,59.05
1986-08-01,min,44.31
1986-09-01,max,53.67
1986-09-01,avg,43.92
1986-09-01,min,34.16
1986-10-01,max,51.28
1986-10-01,avg,39.76
1986-10-01,min,28.22
1986-11-01,max,34.2
1986-11-01,avg,24.73
1986-11-01,min,15.26
1986-12-01,max,30.74
1986-12-01,avg,20.53
1986-12-01,min,10.35
1987-01-01,max,28.24
1987-01-01,avg,18.3
1987-01-01,min,8.38
1987-02-01,max,35.24
1987-02-01,avg,24.44
1987-02-01,min,13.66
1987-03-01,max,40.26
1987-03-01,avg,29.07
1987-03-01,min,17.89
1987-04-01,max,58.39
1987-04-01,avg,43.29
1987-04-01,min,28.17
1987-05-01,max,61.29
1987-05-01,avg,49.05
1987-05-01,min,36.79
1987-06-01,max,69.28
1987-06-01,avg,55.47
1987-06-01,min,41.63
1987-07-01,max,70.81
1987-07-01,avg,57.83
1987-07-01,min,44.83
1987-08-01,max,69.69
1987-08-01,avg,55.56
1987-08-01,min,41.45
1987-09-01,max,67.01
1987-09-01,avg,51.8
1987-09-01,min,36.59
1987-10-01,max,55.47
1987-10-01,avg,41.41
1987-10-01,min,27.34
1987-11-01,max,39.49
1987-11-01,avg,30.09
1987-11-01,min,20.68
1987-12-01,max,27.57
1987-12-01,avg,19.08
1987-12-01,min,10.6
1988-01-01,max,25.36
1988-01-01,avg,15.85
1988-01-01,min,6.35
1988-02-01,max,34.16
1988-02-01,avg,22.96
1988-02-01,min,11.79
1988-03-01,max,38.34
1988-03-01,avg,26.8
1988-03-01,min,15.26
1988-04-01,max,52.05
1988-04-01,avg,39.0
1988-04-01,min,25.95
1988-05-01,max,60.6
1988-05-01,avg,47.34
1988-05-01,min,34.05
1988-06-01,max,77.22
1988-06-01,avg,61.38
1988-06-01,min,45.52
1988-07-01,max,79.77
1988-07-01,avg,63.61
1988-07-01,min,47.44
1988-08-01,max,75.58
1988-08-01,avg,59.7
1988-08-01,min,43.83
1988-09-01,max,62.67
1988-09-01,avg,49.19
1988-09-01,min,35.71
1988-10-01,max,58.59
1988-10-01,avg,45.5
1988-10-01,min,32.41
1988-11-01,max,33.82
1988-11-01,avg,25.56
1988-11-01,min,17.29
1988-12-01,max,28.83
1988-12-01,avg,19.33
1988-12-01,min,9.81
1989-01-01,max,28.51
1989-01-01,avg,18.73
1989-01-01,min,8.98
1989-02-01,max,21.83
1989-02-01,avg,11.37
1989-02-01,min,0.91
1989-03-01,max,39.24
1989-03-01,avg,28.44
1989-03-01,min,17.67
1989-04-01,max,49.19
1989-04-01,avg,36.88
1989-04-01,min,24.55
1989-05-01,max,56.52
1989-05-01,avg,44.67
1989-05-01,min,32.81
1989-06-01,max,66.31
1989-06-01,avg,52.81
1989-06-01,min,39.29
1989-07-01,max,79.41
1989-07-01,avg,64.08
1989-07-01,min,48.74
1989-08-01,max,71.42
1989-08-01,avg,57.65
1989-08-01,min,43.88
1989-09-01,max,64.29
1989-09-01,avg,50.11
1989-09-01,min,35.91
1989-10-01,max,48.9
1989-10-01,avg,38.84
1989-10-01,min,28.76
1989-11-01,max,38.34
1989-11-01,avg,29.55
1989-11-01,min,20.77
1989-12-01,max,28.24
1989-12-01,avg,18.9
1989-12-01,min,9.55
1990-01-01,max,30.09
1990-01-01,avg,21.88
1990-01-01,min,13.71
1990-02-01,max,32.02
1990-02-01,avg,20.93
1990-02-01,min,9.86
1990-03-01,max,41.72
1990-03-01,avg,29.64
1990-03-01,min,17.58
1990-04-01,max,50.14
1990-04-01,avg,38.53
1990-04-01,min,26.91
1990-05-01,max,53.89
1990-05-01,avg,42.39
1990-05-01,min,30.88
1990-06-01,max,67.21
1990-06-01,avg,53.69
1990-06-01,min,40.15
1990-07-01,max,74.37
1990-07-01,avg,60.19
1990-07-01,min,45.99
1990-08-01,max,74.19
1990-08-01,avg,59.92
1990-08-01,min,45.66
1990-09-01,max,70.16
1990-09-01,avg,55.85
1990-09-01,min,41.54
1990-10-01,max,48.81
1990-10-01,avg,37.62
1990-10-01,min,26.42
1990-11-01,max,38.91
1990-11-01,avg,29.77
1990-11-01,min,20.62
1990-12-01,max,20.14
1990-12-01,avg,9.75
1990-12-01,min,-0.63
1991-01-01,max,25.79
1991-01-01,avg,16.09
1991-01-01,min,6.4
1991-02-01,max,40.66
1991-02-01,avg,29.91
1991-02-01,min,19.17
1991-03-01,max,39.18
1991-03-01,avg,27.82
1991-03-01,min,16.47
1991-04-01,max,43.63
1991-04-01,avg,33.67
1991-04-01,min,23.74
1991-05-01,max,53.89
1991-05-01,avg,43.45
1991-05-01,min,33.01
1991-06-01,max,66.27
1991-06-01,avg,53.31
1991-06-01,min,40.35
1991-07-01,max,76.57
1991-07-01,avg,61.45
1991-07-01,min,46.35
1991-08-01,max,76.77
1991-08-01,avg,61.99
1991-08-01,min,47.19
1991-09-01,max,63.0
1991-09-01,avg,50.47
1991-09-01,min,37.92
1991-10-01,max,50.23
1991-10-01,avg,37.99
1991-10-01,min,25.74
1991-11-01,max,31.8
1991-11-01,avg,22.71
1991-11-01,min,13.62
1991-12-01,max,31.71
1991-12-01,avg,22.01
1991-12-01,min,12.33
1992-01-01,max,32.83
1992-01-01,avg,22.08
1992-01-01,min,11.35
1992-02-01,max,40.55
1992-02-01,avg,29.21
1992-02-01,min,17.87
1992-03-01,max,46.67
1992-03-01,avg,34.5
1992-03-01,min,22.33
1992-04-01,max,52.57
1992-04-01,avg,40.55
1992-04-01,min,28.51
1992-05-01,max,61.93
1992-05-01,avg,48.79
1992-05-01,min,35.64
1992-06-01,max,65.86
1992-06-01,avg,53.74
1992-06-01,min,41.63
1992-07-01,max,67.77
1992-07-01,avg,55.17
1992-07-01,min,42.58
1992-08-01,max,72.45
1992-08-01,avg,57.74
1992-08-01,min,43.02
1992-09-01,max,63.55
1992-09-01,avg,49.71
1992-09-01,min,35.87
1992-10-01,max,53.49
1992-10-01,avg,41.61
1992-10-01,min,29.73
1992-11-01,max,32.99
1992-11-01,avg,24.31
1992-11-01,min,15.66
1992-12-01,max,23.79
1992-12-01,avg,14.97
1992-12-01,min,6.17
1993-01-01,max,25.66
1993-01-01,avg,15.42
1993-01-01,min,5.2
1993-02-01,max,29.08
1993-02-01,avg,17.33
1993-02-01,min,5.58
1993-03-01,max,42.73
1993-03-01,avg,31.37
1993-03-01,min,20.01
1993-04-01,max,46.35
1993-04-01,avg,35.4
1993-04-01,min,24.48
1993-05-01,max,60.49
1993-05-01,avg,47.89
1993-05-01,min,35.31
1993-06-01,max,60.87
1993-06-01,avg,49.73
1993-06-01,min,38.59
1993-07-01,max,64.71
1993-07-01,avg,52.47
1993-07-01,min,40.21
1993-08-01,max,68.47
1993-08-01,avg,54.97
1993-08-01,min,41.45
1993-09-01,max,61.7
1993-09-01,avg,48.09
1993-09-01,min,34.48
1993-10-01,max,50.16
1993-10-01,avg,38.91
1993-10-01,min,27.66
1993-11-01,max,31.87
1993-11-01,avg,21.69
1993-11-01,min,11.52
1993-12-01,max,30.72
1993-12-01,avg,21.72
1993-12-01,min,12.72
1994-01-01,max,32.0
1994-01-01,avg,23.32
1994-01-01,min,14.65
1994-02-01,max,29.08
1994-02-01,avg,18.28
1994-02-01,min,7.52
1994-03-01,max,43.43
1994-03-01,avg,30.92
1994-03-01,min,18.43
1994-04-01,max,50.02
1994-04-01,avg,37.38
1994-04-01,min,24.73
1994-05-01,max,62.44
1994-05-01,avg,49.46
1994-05-01,min,36.48
1994-06-01,max,69.37
1994-06-01,avg,55.11
1994-06-01,min,40.86
1994-07-01,max,75.29
1994-07-01,avg,60.22
1994-07-01,min,45.14
1994-08-01,max,77.5
1994-08-01,avg,61.7
1994-08-01,min,45.88
1994-09-01,max,68.18
1994-09-01,avg,53.56
1994-09-01,min,38.93
1994-10-01,max,47.64
1994-10-01,avg,37.94
1994-10-01,min,28.22
1994-11-01,max,31.32
1994-11-01,avg,21.81
1994-11-01,min,12.33
1994-12-01,max,30.99
1994-12-01,avg,22.62
1994-12-01,min,14.27
1995-01-01,max,30.34
1995-01-01,avg,21.04
1995-01-01,min,11.73
1995-02-01,max,35.85
1995-02-01,avg,26.02
1995-02-01,min,16.21
1995-03-01,max,37.99
1995-03-01,avg,27.41
1995-03-01,min,16.83
1995-04-01,max,44.44
1995-04-01,avg,33.31
1995-04-01,min,22.21
1995-05-01,max,53.19
1995-05-01,avg,42.08
1995-05-01,min,30.96
1995-06-01,max,63.39
1995-06-01,avg,51.03
1995-06-01,min,38.66
1995-07-01,max,72.9
1995-07-01,avg,58.89
1995-07-01,min,44.89
1995-08-01,max,76.44
1995-08-01,avg,60.85
1995-08-01,min,45.27
1995-09-01,max,63.07
1995-09-01,avg,50.16
1995-09-01,min,37.26
1995-10-01,max,46.53
1995-10-01,avg,35.91
1995-10-01,min,25.29
1995-11-01,max,38.5
1995-11-01,avg,30.06
1995-11-01,min,21.61
1995-12-01,max,31.3
1995-12-01,avg,21.9
1995-12-01,min,12.51
1996-01-01,max,25.12
1996-01-01,avg,15.69
1996-01-01,min,6.28
1996-02-01,max,31.51
1996-02-01,avg,20.73
1996-02-01,min,9.95
1996-03-01,max,36.16
1996-03-01,avg,25.0
1996-03-01,min,13.86
1996-04-01,max,48.11
1996-04-01,avg,36.55
1996-04-01,min,24.98
1996-05-01,max,51.3
1996-05-01,avg,41.47
1996-05-01,min,31.62
1996-06-01,max,70.32
1996-06-01,avg,55.56
1996-06-01,min,40.8
1996-07-01,max,77.0
1996-07-01,avg,61.57
1996-07-01,min,46.15
1996-08-01,max,76.5
1996-08-01,avg,60.53
1996-08-01,min,44.55
1996-09-01,max,60.73
1996-09-01,avg,47.89
1996-09-01,min,35.04
1996-10-01,max,50.43
1996-10-01,avg,38.86
1996-10-01,min,27.27
1996-11-01,max,35.91
1996-11-01,avg,26.98
1996-11-01,min,18.05
1996-12-01,max,26.8
1996-12-01,avg,19.22
1996-12-01,min,11.64
1997-01-01,max,26.82
1997-01-01,avg,17.58
1997-01-01,min,8.35
1997-02-01,max,32.05
1997-02-01,avg,21.36
1997-02-01,min,10.67
1997-03-01,max,41.94
1997-03-01,avg,29.86
1997-03-01,min,17.78
1997-04-01,max,43.09
1997-04-01,avg,31.21
1997-04-01,min,19.31
1997-05-01,max,59.16
1997-05-01,avg,46.26
1997-05-01,min,33.35
1997-06-01,max,67.57
1997-06-01,avg,55.04
1997-06-01,min,42.51
1997-07-01,max,71.98
1997-07-01,avg,58.73
1997-07-01,min,45.46
1997-08-01,max,72.23
1997-08-01,avg,58.98
1997-08-01,min,45.72
1997-09-01,max,65.28
1997-09-01,avg,52.9
1997-09-01,min,40.51
1997-10-01,max,49.68
1997-10-01,avg,39.0
1997-10-01,min,28.31
1997-11-01,max,37.33
1997-11-01,avg,27.09
1997-11-01,min,16.84
1997-12-01,max,29.98
1997-12-01,avg,20.7
1997-12-01,min,11.41
1998-01-01,max,29.3
1998-01-01,avg,20.89
1998-01-01,min,12.51
1998-02-01,max,34.77
1998-02-01,avg,24.4
1998-02-01,min,14.05
1998-03-01,max,38.7
1998-03-01,avg,27.61
1998-03-01,min,16.52
1998-04-01,max,49.06
1998-04-01,avg,37.0
1998-04-01,min,24.94
1998-05-01,max,59.11
1998-05-01,avg,46.11
1998-05-01,min,33.1
1998-06-01,max,57.27
1998-06-01,avg,46.98
1998-06-01,min,36.66
1998-07-01,max,78.21
1998-07-01,avg,63.52
1998-07-01,min,48.83
1998-08-01,max,75.24
1998-08-01,avg,60.94
1998-08-01,min,46.65
1998-09-01,max,68.67
1998-09-01,avg,55.87
1998-09-01,min,43.05
1998-10-01,max,51.35
1998-10-01,avg,40.39
1998-10-01,min,29.43
1998-11-01,max,37.9
1998-11-01,avg,30.56
1998-11-01,min,23.23
1998-12-01,max,27.5
1998-12-01,avg,18.43
1998-12-01,min,9.36
1999-01-01,max,31.66
1999-01-01,avg,23.07
1999-01-01,min,14.49
1999-02-01,max,35.51
1999-02-01,avg,25.77
1999-02-01,min,16.03
1999-03-01,max,44.6
1999-03-01,avg,30.97
1999-03-01,min,17.33
1999-04-01,max,44.91
1999-04-01,avg,33.64
1999-04-01,min,22.37
1999-05-01,max,54.32
1999-05-01,avg,42.67
1999-05-01,min,31.05
1999-06-01,max,63.95
1999-06-01,avg,51.44
1999-06-01,min,38.93
1999-07-01,max,75.87
1999-07-01,avg,60.19
1999-07-01,min,44.49
1999-08-01,max,74.55
1999-08-01,avg,60.26
1999-08-01,min,45.93
1999-09-01,max,60.69
1999-09-01,avg,47.14
1999-09-01,min,33.57
1999-10-01,max,55.4
1999-10-01,avg,42.35
1999-10-01,min,29.3
1999-11-01,max,47.77
1999-11-01,avg,36.72
1999-11-01,min,25.68
1999-12-01,max,32.95
1999-12-01,avg,23.58
1999-12-01,min,14.2
2000-01-01,max,31.15
2000-01-01,avg,22.15
2000-01-01,min,13.17
2000-02-01,max,37.69
2000-02-01,avg,27.79
2000-02-01,min,17.89
2000-03-01,max,43.27
2000-03-01,avg,30.96
2000-03-01,min,18.64
2000-04-01,max,52.25
2000-04-01,avg,39.63
2000-04-01,min,27.01
2000-05-01,max,57.15
2000-05-01,avg,46.17
2000-05-01,min,35.17
2000-06-01,max,66.92
2000-06-01,avg,53.31
2000-06-01,min,39.67
2000-07-01,max,78.21
2000-07-01,avg,62.74
2000-07-01,min,47.26
2000-08-01,max,76.95
2000-08-01,avg,61.72
2000-08-01,min,46.47
2000-09-01,max,63.25
2000-09-01,avg,49.82
2000-09-01,min,36.39
2000-10-01,max,50.43
2000-10-01,avg,40.05
2000-10-01,min,29.64
2000-11-01,max,29.77
2000-11-01,avg,19.31
2000-11-01,min,8.87
2000-12-01,max,29.55
2000-12-01,avg,19.2
2000-12-01,min,8.85
2001-01-01,max,32.45
2001-01-01,avg,21.25
2001-01-01,min,10.06
2001-02-01,max,29.66
2001-02-01,avg,18.91
2001-02-01,min,8.19
2001-03-01,max,42.91
2001-03-01,avg,31.33
2001-03-01,min,19.74
2001-04-01,max,48.61
2001-04-01,avg,37.0
2001-04-01,min,25.38
2001-05-01,max,61.54
2001-05-01,avg,47.68
2001-05-01,min,33.82
2001-06-01,max,67.57
2001-06-01,avg,54.3
2001-06-01,min,41.04
2001-07-01,max,76.73
2001-07-01,avg,62.37
2001-07-01,min,48.0
2001-08-01,max,79.0
2001-08-01,avg,63.23
2001-08-01,min,47.46
2001-09-01,max,68.34
2001-09-01,avg,54.37
2001-09-01,min,40.39
2001-10-01,max,50.54
2001-10-01,avg,39.15
2001-10-01,min,27.75
2001-11-01,max,42.53
2001-11-01,avg,32.7
2001-11-01,min,22.87
2001-12-01,max,29.41
2001-12-01,avg,20.21
2001-12-01,min,11.01
2002-01-01,max,27.64
2002-01-01,avg,18.84
2002-01-01,min,10.06
2002-02-01,max,33.6
2002-02-01,avg,21.09
2002-02-01,min,8.58
2002-03-01,max,34.12
2002-03-01,avg,22.96
2002-03-01,min,11.79
2002-04-01,max,46.71
2002-04-01,avg,34.95
2002-04-01,min,23.22
2002-05-01,max,55.98
2002-05-01,avg,43.39
2002-05-01,min,30.79
2002-06-01,max,68.13
2002-06-01,avg,54.54
2002-06-01,min,40.95
2002-07-01,max,79.39
2002-07-01,avg,64.04
2002-07-01,min,48.69
2002-08-01,max,71.06
2002-08-01,avg,56.44
2002-08-01,min,41.81
2002-09-01,max,63.9
2002-09-01,avg,50.97
2002-09-01,min,38.05
2002-10-01,max,45.28
2002-10-01,avg,34.05
2002-10-01,min,22.82
2002-11-01,max,37.85
2002-11-01,avg,28.13
2002-11-01,min,18.43
2002-12-01,max,31.75
2002-12-01,avg,23.29
2002-12-01,min,14.85
2003-01-01,max,35.91
2003-01-01,avg,26.85
2003-01-01,min,17.82
2003-02-01,max,30.36
2003-02-01,avg,19.11
2003-02-01,min,7.88
2003-03-01,max,39.13
2003-03-01,avg,29.28
2003-03-01,min,19.44
2003-04-01,max,51.26
2003-04-01,avg,39.06
2003-04-01,min,26.85
2003-05-01,max,57.58
2003-05-01,avg,45.46
2003-05-01,min,33.33
2003-06-01,max,64.96
2003-06-01,avg,51.85
2003-06-01,min,38.73
2003-07-01,max,81.18
2003-07-01,avg,65.26
2003-07-01,min,49.33
2003-08-01,max,77.49
2003-08-01,avg,62.92
2003-08-01,min,48.36
2003-09-01,max,62.91
2003-09-01,avg,49.28
2003-09-01,min,35.64
2003-10-01,max,56.62
2003-10-01,avg,43.56
2003-10-01,min,30.49
2003-11-01,max,32.0
2003-11-01,avg,22.33
2003-11-01,min,12.67
2003-12-01,max,32.58
2003-12-01,avg,23.74
2003-12-01,min,14.9
2004-01-01,max,30.4
2004-01-01,avg,20.37
2004-01-01,min,10.35
2004-02-01,max,34.81
2004-02-01,avg,23.59
2004-02-01,min,12.42
2004-03-01,max,46.78
2004-03-01,avg,34.75
2004-03-01,min,22.71
2004-04-01,max,51.58
2004-04-01,avg,39.24
2004-04-01,min,26.87
2004-05-01,max,55.15
2004-05-01,avg,43.97
2004-05-01,min,32.77
2004-06-01,max,63.46
2004-06-01,avg,51.19
2004-06-01,min,38.91
2004-07-01,max,73.18
2004-07-01,avg,59.43
2004-07-01,min,45.68
2004-08-01,max,69.71
2004-08-01,avg,56.21
2004-08-01,min,42.69
2004-09-01,max,61.41
2004-09-01,avg,49.23
2004-09-01,min,37.04
2004-10-01,max,50.31
2004-10-01,avg,39.97
2004-10-01,min,29.62
2004-11-01,max,40.33
2004-11-01,avg,29.39
2004-11-01,min,18.45
2004-12-01,max,33.51
2004-12-01,avg,24.42
2004-12-01,min,15.31
2005-01-01,max,32.74
2005-01-01,avg,22.84
2005-01-01,min,12.96
2005-02-01,max,37.45
2005-02-01,avg,24.3
2005-02-01,min,11.12
2005-03-01,max,41.67
2005-03-01,avg,30.07
2005-03-01,min,18.5
2005-04-01,max,48.81
2005-04-01,avg,36.75
2005-04-01,min,24.67
2005-05-01,max,55.08
2005-05-01,avg,43.81
2005-05-01,min,32.54
2005-06-01,max,63.81
2005-06-01,avg,51.69
2005-06-01,min,39.56
2005-07-01,max,77.74
2005-07-01,avg,62.37
2005-07-01,min,46.99
2005-08-01,max,72.39
2005-08-01,avg,58.05
2005-08-01,min,43.7
2005-09-01,max,63.19
2005-09-01,avg,50.34
2005-09-01,min,37.47
2005-10-01,max,53.51
2005-10-01,avg,42.3
2005-10-01,min,31.06
2005-11-01,max,39.13
2005-11-01,avg,29.3
2005-11-01,min,19.49
2005-12-01,max,29.16
2005-12-01,avg,19.94
2005-12-01,min,10.72
2006-01-01,max,34.86
2006-01-01,avg,25.74
2006-01-01,min,16.59
2006-02-01,max,31.1
2006-02-01,avg,20.07
2006-02-01,min,9.03
2006-03-01,max,39.87
2006-03-01,avg,28.0
2006-03-01,min,16.16
2006-04-01,max,52.07
2006-04-01,avg,39.88
2006-04-01,min,27.7
2006-05-01,max,60.71
2006-05-01,avg,47.25
2006-05-01,min,33.78
2006-06-01,max,71.06
2006-06-01,avg,56.68
2006-06-01,min,42.28
2006-07-01,max,79.72
2006-07-01,avg,64.8
2006-07-01,min,49.86
2006-08-01,max,74.41
2006-08-01,avg,59.04
2006-08-01,min,43.68
2006-09-01,max,62.76
2006-09-01,avg,50.04
2006-09-01,min,37.31
2006-10-01,max,48.09
2006-10-01,avg,37.38
2006-10-01,min,26.67
2006-11-01,max,38.32
2006-11-01,avg,29.14
2006-11-01,min,19.96
2006-12-01,max,32.31
2006-12-01,avg,22.51
2006-12-01,min,12.72
2007-01-01,max,27.55
2007-01-01,avg,16.23
2007-01-01,min,4.91
2007-02-01,max,33.46
2007-02-01,avg,24.03
2007-02-01,min,14.58
2007-03-01,max,47.3
2007-03-01,avg,35.46
2007-03-01,min,23.59
2007-04-01,max,49.39
2007-04-01,avg,38.08
2007-04-01,min,26.78
2007-05-01,max,60.87
2007-05-01,avg,47.43
2007-05-01,min,33.98
2007-06-01,max,70.56
2007-06-01,avg,56.26
2007-06-01,min,41.95
2007-07-01,max,81.54
2007-07-01,avg,66.51
2007-07-01,min,51.48
2007-08-01,max,75.07
2007-08-01,avg,60.73
2007-08-01,min,46.38
2007-09-01,max,64.49
2007-09-01,avg,51.19
2007-09-01,min,37.89
2007-10-01,max,50.56
2007-10-01,avg,39.92
2007-10-01,min,29.28
2007-11-01,max,40.17
2007-11-01,avg,29.73
2007-11-01,min,19.29
2007-12-01,max,26.08
2007-12-01,avg,17.42
2007-12-01,min,8.76
2008-01-01,max,26.51
2008-01-01,avg,16.43
2008-01-01,min,6.37
2008-02-01,max,34.57
2008-02-01,avg,23.94
2008-02-01,min,13.32
2008-03-01,max,37.27
2008-03-01,avg,25.32
2008-03-01,min,13.37
2008-04-01,max,45.57
2008-04-01,avg,31.98
2008-04-01,min,18.41
2008-05-01,max,54.7
2008-05-01,avg,43.61
2008-05-01,min,32.5
2008-06-01,max,64.81
2008-06-01,avg,51.76
2008-06-01,min,38.71
2008-07-01,max,76.95
2008-07-01,avg,61.54
2008-07-01,min,46.13
2008-08-01,max,75.74
2008-08-01,avg,60.22
2008-08-01,min,44.67
2008-09-01,max,62.24
2008-09-01,avg,48.97
2008-09-01,min,35.71
2008-10-01,max,51.44
2008-10-01,avg,40.21
2008-10-01,min,28.98
2008-11-01,max,42.89
2008-11-01,avg,33.33
2008-11-01,min,23.77
2008-12-01,max,26.29
2008-12-01,avg,16.54
2008-12-01,min,6.8
2009-01-01,max,31.91
2009-01-01,avg,21.81
2009-01-01,min,11.71
2009-02-01,max,35.83
2009-02-01,avg,24.55
2009-02-01,min,13.26
2009-03-01,max,39.04
2009-03-01,avg,27.32
2009-03-01,min,15.62
2009-04-01,max,47.48
2009-04-01,avg,35.82
2009-04-01,min,24.17
2009-05-01,max,59.02
2009-05-01,avg,45.73
2009-05-01,min,32.43
2009-06-01,max,61.88
2009-06-01,avg,50.5
2009-06-01,min,39.11
2009-07-01,max,72.59
2009-07-01,avg,58.57
2009-07-01,min,44.53
2009-08-01,max,71.87
2009-08-01,avg,57.83
2009-08-01,min,43.77
2009-09-01,max,70.3
2009-09-01,avg,54.93
2009-09-01,min,39.52
2009-10-01,max,41.9
2009-10-01,avg,32.05
2009-10-01,min,22.23
2009-11-01,max,41.88
2009-11-01,avg,30.79
2009-11-01,min,19.71
2009-12-01,max,23.41
2009-12-01,avg,13.53
2009-12-01,min,3.67
2010-01-01,max,32.7
2010-01-01,avg,22.42
2010-01-01,min,12.16
2010-02-01,max,33.04
2010-02-01,avg,22.08
2010-02-01,min,11.14
2010-03-01,max,45.27
2010-03-01,avg,32.45
2010-03-01,min,19.65
2010-04-01,max,48.34
2010-04-01,avg,36.05
2010-04-01,min,23.74
2010-05-01,max,51.57
2010-05-01,avg,39.97
2010-05-01,min,28.38
2010-06-01,max,63.93
2010-06-01,avg,52.07
2010-06-01,min,40.21
2010-07-01,max,74.52
2010-07-01,avg,59.83
2010-07-01,min,45.12
2010-08-01,max,72.88
2010-08-01,avg,58.53
2010-08-01,min,44.17
2010-09-01,max,66.92
2010-09-01,avg,52.21
2010-09-01,min,37.51
2010-10-01,max,56.26
2010-10-01,avg,44.4
2010-10-01,min,32.52
2010-11-01,max,35.44
2010-11-01,avg,25.9
2010-11-01,min,16.36
2010-12-01,max,30.97
2010-12-01,avg,21.81
2010-12-01,min,12.67
2011-01-01,max,29.44
2011-01-01,avg,20.32
2011-01-01,min,11.17
2011-02-01,max,27.61
2011-02-01,avg,16.54
2011-02-01,min,5.49
2011-03-01,max,40.37
2011-03-01,avg,29.55
2011-03-01,min,18.75
2011-04-01,max,43.81
2011-04-01,avg,32.85
2011-04-01,min,21.88
2011-05-01,max,51.19
2011-05-01,avg,41.25
2011-05-01,min,31.32
2011-06-01,max,63.93
2011-06-01,avg,51.28
2011-06-01,min,38.61
2011-07-01,max,77.02
2011-07-01,avg,61.99
2011-07-01,min,46.94
2011-08-01,max,76.3
2011-08-01,avg,61.29
2011-08-01,min,46.27
2011-09-01,max,68.68
2011-09-01,avg,53.8
2011-09-01,min,38.89
2011-10-01,max,52.74
2011-10-01,avg,42.44
2011-10-01,min,32.13
2011-11-01,max,36.54
2011-11-01,avg,26.15
2011-11-01,min,15.76
2011-12-01,max,31.1
2011-12-01,avg,20.48
2011-12-01,min,9.86
2012-01-01,max,33.35
2012-01-01,avg,23.68
2012-01-01,min,14.02
2012-02-01,max,32.61
2012-02-01,avg,21.88
2012-02-01,min,11.17
2012-03-01,max,47.28
2012-03-01,avg,35.47
2012-03-01,min,23.65
2012-04-01,max,53.47
2012-04-01,avg,40.89
2012-04-01,min,28.29
2012-05-01,max,57.29
2012-05-01,avg,44.67
2012-05-01,min,32.04
2012-06-01,max,70.43
2012-06-01,avg,55.6
2012-06-01,min,40.77
2012-07-01,max,79.32
2012-07-01,avg,64.26
2012-07-01,min,49.19
2012-08-01,max,76.96
2012-08-01,avg,61.48
2012-08-01,min,45.99
2012-09-01,max,68.72
2012-09-01,avg,53.92
2012-09-01,min,39.11
2012-10-01,max,49.14
2012-10-01,avg,38.3
2012-10-01,min,27.45
2012-11-01,max,41.11
2012-11-01,avg,31.62
2012-11-01,min,22.14
2012-12-01,max,29.64
2012-12-01,avg,20.25
2012-12-01,min,10.87
2013-01-01,max,30.06
2013-01-01,avg,19.96
2013-01-01,min,9.86
2013-02-01,max,32.34
2013-02-01,avg,21.96
2013-02-01,min,11.59
2013-03-01,max,41.47
2013-03-01,avg,28.76
2013-03-01,min,16.07
2013-04-01,max,44.55
2013-04-01,avg,32.4
2013-04-01,min,20.23
2013-05-01,max,57.92
2013-05-01,avg,46.63
2013-05-01,min,35.33
2013-06-01,max,68.94
2013-06-01,avg,55.11
2013-06-01,min,41.27
2013-07-01,max,77.85
2013-07-01,avg,63.16
2013-07-01,min,48.47
2013-08-01,max,76.8
2013-08-01,avg,62.33
2013-08-01,min,47.84
2013-09-01,max,63.37
2013-09-01,avg,52.68
2013-09-01,min,41.97
2013-10-01,max,46.69
2013-10-01,avg,36.36
2013-10-01,min,26.01
2013-11-01,max,39.58
2013-11-01,avg,29.55
2013-11-01,min,19.53
2013-12-01,max,26.49
2013-12-01,avg,17.13
2013-12-01,min,7.79
2014-01-01,max,32.83
2014-01-01,avg,22.5
2014-01-01,min,12.16
2014-02-01,max,26.83
2014-02-01,avg,16.75
2014-02-01,min,6.71
2014-03-01,max,40.44
2014-03-01,avg,29.37
2014-03-01,min,18.28
2014-04-01,max,48.67
2014-04-01,avg,36.55
2014-04-01,min,24.42
2014-05-01,max,59.67
2014-05-01,avg,47.01
2014-05-01,min,34.36
2014-06-01,max,63.41
2014-06-01,avg,51.39
2014-06-01,min,39.33
2014-07-01,max,76.75
2014-07-01,avg,62.1
2014-07-01,min,47.43
2014-08-01,max,69.78
2014-08-01,avg,57.83
2014-08-01,min,45.86
2014-09-01,max,64.24
2014-09-01,avg,51.55
2014-09-01,min,38.86
2014-10-01,max,56.16
2014-10-01,avg,44.2
2014-10-01,min,32.25
2014-11-01,max,34.84
2014-11-01,avg,24.64
2014-11-01,min,14.45
2014-12-01,max,32.0
2014-12-01,avg,23.45
2014-12-01,min,14.9
2015-01-01,max,35.71
2015-01-01,avg,25.47
2015-01-01,min,15.24
2015-02-01,max,38.01
2015-02-01,avg,27.23
2015-02-01,min,16.47
2015-03-01,max,48.49
2015-03-01,avg,35.56
2015-03-01,min,22.62
2015-04-01,max,50.52
2015-04-01,avg,38.05
2015-04-01,min,25.56
2015-05-01,max,54.77
2015-05-01,avg,44.82
2015-05-01,min,34.84
2015-06-01,max,72.91
2015-06-01,avg,59.2
2015-06-01,min,45.48
2015-07-01,max,72.41
2015-07-01,avg,59.07
2015-07-01,min,45.72
2015-08-01,max,73.6
2015-08-01,avg,59.36
2015-08-01,min,45.1
2015-09-01,max,68.74
2015-09-01,avg,54.77
2015-09-01,min,40.78
2015-10-01,max,56.48
2015-10-01,avg,45.66
2015-10-01,min,34.81
2015-11-01,max,35.55
2015-11-01,avg,25.95
2015-11-01,min,16.38
2015-12-01,max,29.86
2015-12-01,avg,20.57
2015-12-01,min,11.3
2016-01-01,max,33.01
2016-01-01,avg,24.12
2016-01-01,min,15.22
2016-02-01,max,40.1
2016-02-01,avg,29.61
2016-02-01,min,19.09
2016-03-01,max,43.54
2016-03-01,avg,32.07
2016-03-01,min,20.62
2016-04-01,max,51.85
2016-04-01,avg,40.64
2016-04-01,min,29.43
2016-05-01,max,56.89
2016-05-01,avg,45.66
2016-05-01,min,34.41
2016-06-01,max,73.9
2016-06-01,avg,58.93
2016-06-01,min,43.93
2016-07-01,max,75.72
2016-07-01,avg,60.87
2016-07-01,min,46.02
2016-08-01,max,74.39
2016-08-01,avg,59.52
2016-08-01,min,44.64
2016-09-01,max,62.89
2016-09-01,avg,50.99
2016-09-01,min,39.09
2016-10-01,max,51.73
2016-10-01,avg,42.24
2016-10-01,min,32.76
2016-11-01,max,45.45
2016-11-01,avg,35.33
2016-11-01,min,25.21
2016-12-01,max,24.67
2016-12-01,avg,14.59
2016-12-01,min,4.53
2017-01-01,max,26.4
2017-01-01,avg,15.84
2017-01-01,min,5.27
2017-02-01,max,35.42
2017-02-01,avg,25.75
2017-02-01,min,16.11
2017-03-01,max,45.88
2017-03-01,avg,36.16
2017-03-01,min,26.44
2017-04-01,max,48.74
2017-04-01,avg,37.53
2017-04-01,min,26.29
2017-05-01,max,59.52
2017-05-01,avg,46.49
2017-05-01,min,33.46
2017-06-01,max,67.77
2017-06-01,avg,54.72
2017-06-01,min,41.65
2017-07-01,max,79.21
2017-07-01,avg,63.93
2017-07-01,min,48.67
2017-08-01,max,73.51
2017-08-01,avg,59.4
2017-08-01,min,45.27
2017-09-01,max,61.95
2017-09-01,avg,50.04
2017-09-01,min,38.12
2017-10-01,max,49.71
2017-10-01,avg,38.25
2017-10-01,min,26.78
2017-11-01,max,39.79
2017-11-01,avg,30.61
2017-11-01,min,21.43
2017-12-01,max,31.46
2017-12-01,avg,22.15
2017-12-01,min,12.85
2018-01-01,max,34.16
2018-01-01,avg,24.8
2018-01-01,min,15.44
2018-02-01,max,27.19
2018-02-01,avg,16.79
2018-02-01,min,6.4
2018-03-01,max,40.91
2018-03-01,avg,29.55
2018-03-01,min,18.19
2018-04-01,max,48.54
2018-04-01,avg,36.36
2018-04-01,min,24.15
2018-05-01,max,61.12
2018-05-01,avg,49.28
2018-05-01,min,37.44
2018-06-01,max,66.83
2018-06-01,avg,54.12
2018-06-01,min,41.41
2018-07-01,max,77.11
2018-07-01,avg,62.24
2018-07-01,min,47.35
2018-08-01,max,73.08
2018-08-01,avg,58.82
2018-08-01,min,44.55
2018-09-01,max,66.27
2018-09-01,avg,51.84
2018-09-01,min,37.4
2018-10-01,max,49.48
2018-10-01,avg,38.77
2018-10-01,min,28.06
2018-11-01,max,36.59
2018-11-01,avg,26.73
2018-11-01,min,16.84
2018-12-01,max,30.33
2018-12-01,avg,20.64
2018-12-01,min,10.96
