,date,max_temp,min_temp,avg_temp
0,1895-01-01,24.96,4.48,14.72
1,1895-02-01,27.88,2.25,15.06
2,1895-03-01,35.51,11.12,23.31
3,1895-04-01,55.49,26.22,40.86
4,1895-05-01,57.78,31.86,44.82
5,1895-06-01,61.16,36.25,48.7
6,1895-07-01,71.82,43.02,57.42
7,1895-08-01,72.84,43.54,58.19
8,1895-09-01,60.75,34.5,47.62
9,1895-10-01,53.69,27.12,40.41
10,1895-11-01,35.69,14.4,25.03
11,1895-12-01,26.87,8.44,17.65
12,1896-01-01,31.26,9.57,20.41
13,1896-02-01,37.78,15.15,26.46
14,1896-03-01,34.07,10.71,22.39
15,1896-04-01,44.98,21.54,33.26
16,1896-05-01,50.85,30.85,40.86
17,1896-06-01,72.19,39.7,55.96
18,1896-07-01,73.76,47.86,60.82
19,1896-08-01,72.12,43.92,58.03
20,1896-09-01,57.15,35.47,46.31
21,1896-10-01,52.2,26.83,39.51
22,1896-11-01,23.4,5.58,14.47
23,1896-12-01,37.27,19.53,28.4
24,1897-01-01,29.66,5.09,17.37
25,1897-02-01,29.64,8.69,19.17
26,1897-03-01,28.72,6.06,17.38
27,1897-04-01,47.17,25.11,36.14
28,1897-05-01,64.49,36.23,50.36
29,1897-06-01,63.23,39.56,51.4
30,1897-07-01,70.12,42.84,56.5
31,1897-08-01,72.63,44.62,58.62
32,1897-09-01,66.13,38.66,52.39
33,1897-10-01,47.19,29.03,38.12
34,1897-11-01,33.24,15.89,24.57
35,1897-12-01,24.42,9.84,17.13
36,1898-01-01,20.93,4.26,12.6
37,1898-02-01,36.0,13.21,24.6
38,1898-03-01,30.72,6.35,18.54
39,1898-04-01,50.59,25.09,37.85
40,1898-05-01,51.98,32.56,42.28
41,1898-06-01,65.82,39.27,52.56
42,1898-07-01,73.15,43.79,58.48
43,1898-08-01,73.62,46.65,60.13
44,1898-09-01,62.11,33.98,48.04
45,1898-10-01,43.14,23.99,33.57
46,1898-11-01,31.19,12.18,21.69
47,1898-12-01,24.42,4.12,14.27
48,1899-01-01,26.47,6.91,16.68
49,1899-02-01,18.82,-6.48,6.17
50,1899-03-01,28.9,6.21,17.55
51,1899-04-01,45.72,22.41,34.07
52,1899-05-01,52.93,29.28,41.13
53,1899-06-01,65.16,37.22,51.21
54,1899-07-01,76.28,43.29,59.79
55,1899-08-01,71.04,39.43,55.24
56,1899-09-01,65.61,35.69,50.65
57,1899-10-01,47.19,24.55,35.87
58,1899-11-01,41.25,21.36,31.3
59,1899-12-01,27.46,8.02,17.74
60,1900-01-01,29.62,12.15,20.88
61,1900-02-01,26.64,4.15,15.39
62,1900-03-01,41.02,17.96,29.5
63,1900-04-01,48.87,27.37,38.12
64,1900-05-01,61.36,34.79,48.07
65,1900-06-01,74.52,42.84,58.68
66,1900-07-01,75.25,42.93,59.09
67,1900-08-01,72.32,42.94,57.63
68,1900-09-01,59.76,35.06,47.41
69,1900-10-01,50.79,27.86,39.33
70,1900-11-01,34.25,13.95,24.1
71,1900-12-01,32.45,15.53,23.99
72,1901-01-01,25.99,9.72,17.85
73,1901-02-01,26.64,4.37,15.49
74,1901-03-01,36.81,15.66,26.22
75,1901-04-01,47.01,23.59,35.29
76,1901-05-01,63.34,38.35,50.85
77,1901-06-01,60.62,37.09,48.87
78,1901-07-01,80.78,48.65,64.72
79,1901-08-01,74.82,46.99,60.93
80,1901-09-01,57.11,33.89,45.5
81,1901-10-01,55.06,30.99,43.03
82,1901-11-01,42.8,21.38,32.09
83,1901-12-01,26.47,12.15,19.31
84,1902-01-01,24.1,5.94,15.01
85,1902-02-01,32.92,12.97,22.95
86,1902-03-01,35.6,14.74,25.16
87,1902-04-01,46.58,23.2,34.88
88,1902-05-01,59.85,34.97,47.41
89,1902-06-01,65.82,38.71,52.27
90,1902-07-01,71.6,43.27,57.43
91,1902-08-01,73.04,43.23,58.15
92,1902-09-01,62.47,34.63,48.56
93,1902-10-01,52.97,27.93,40.46
94,1902-11-01,36.32,17.26,26.78
95,1902-12-01,30.63,8.98,19.8
96,1903-01-01,31.71,10.2,20.95
97,1903-02-01,25.72,-1.26,12.22
98,1903-03-01,38.28,11.12,24.69
99,1903-04-01,47.14,21.09,34.12
100,1903-05-01,54.64,29.64,42.15
101,1903-06-01,68.36,39.7,54.03
102,1903-07-01,72.46,42.49,57.49
103,1903-08-01,73.51,43.29,58.41
104,1903-09-01,59.13,32.77,45.95
105,1903-10-01,55.36,28.42,41.9
106,1903-11-01,38.53,15.28,26.91
107,1903-12-01,31.78,12.65,22.23
108,1904-01-01,28.78,9.25,19.0
109,1904-02-01,33.4,11.53,22.46
110,1904-03-01,35.85,17.85,26.85
111,1904-04-01,51.37,25.74,38.55
112,1904-05-01,57.79,33.13,45.46
113,1904-06-01,66.16,37.42,51.8
114,1904-07-01,73.24,43.95,58.6
115,1904-08-01,74.07,44.67,59.38
116,1904-09-01,66.18,36.61,51.4
117,1904-10-01,54.75,30.47,42.62
118,1904-11-01,47.01,21.43,34.23
119,1904-12-01,31.98,13.78,22.87
120,1905-01-01,27.28,12.94,20.1
121,1905-02-01,27.88,3.63,15.75
122,1905-03-01,42.89,21.34,32.13
123,1905-04-01,47.57,24.57,36.07
124,1905-05-01,51.08,31.24,41.16
125,1905-06-01,64.08,38.59,51.33
126,1905-07-01,75.61,46.18,60.91
127,1905-08-01,76.03,47.8,61.92
128,1905-09-01,67.98,38.41,53.2
129,1905-10-01,45.64,25.12,35.38
130,1905-11-01,39.56,18.27,28.9
131,1905-12-01,27.63,10.53,19.08
132,1906-01-01,29.93,10.89,20.41
133,1906-02-01,33.76,11.19,22.48
134,1906-03-01,31.44,7.95,19.69
135,1906-04-01,51.4,24.53,37.96
136,1906-05-01,55.35,31.93,43.63
137,1906-06-01,63.18,37.87,50.52
138,1906-07-01,76.39,45.63,61.02
139,1906-08-01,71.71,45.48,58.59
140,1906-09-01,66.27,38.43,52.36
141,1906-10-01,51.6,27.73,39.67
142,1906-11-01,34.95,15.78,25.36
143,1906-12-01,33.17,17.04,25.11
144,1907-01-01,17.91,0.39,9.14
145,1907-02-01,36.86,15.6,26.24
146,1907-03-01,38.32,20.64,29.48
147,1907-04-01,44.83,22.14,33.49
148,1907-05-01,51.4,30.78,41.09
149,1907-06-01,60.62,37.85,49.24
150,1907-07-01,72.32,44.69,58.51
151,1907-08-01,71.06,42.26,56.66
152,1907-09-01,61.18,36.52,48.85
153,1907-10-01,55.71,30.69,43.2
154,1907-11-01,37.35,19.53,28.44
155,1907-12-01,29.21,11.41,20.3
156,1908-01-01,30.29,9.48,19.89
157,1908-02-01,33.82,10.06,21.94
158,1908-03-01,35.96,15.06,25.5
159,1908-04-01,52.45,25.14,38.8
160,1908-05-01,52.43,32.29,42.37
161,1908-06-01,59.58,38.55,49.06
162,1908-07-01,75.34,46.56,60.96
163,1908-08-01,68.47,43.0,55.74
164,1908-09-01,64.62,37.45,51.04
165,1908-10-01,45.3,26.51,35.91
166,1908-11-01,37.18,16.99,27.09
167,1908-12-01,24.75,8.28,16.5
168,1909-01-01,24.96,5.61,15.28
169,1909-02-01,30.13,9.14,19.63
170,1909-03-01,36.48,15.3,25.88
171,1909-04-01,40.53,17.38,28.96
172,1909-05-01,52.16,28.69,40.42
173,1909-06-01,65.91,41.34,53.64
174,1909-07-01,75.29,45.88,60.6
175,1909-08-01,75.47,46.9,61.2
176,1909-09-01,60.98,39.29,50.14
177,1909-10-01,51.04,27.07,39.06
178,1909-11-01,37.13,20.39,28.76
179,1909-12-01,16.41,-0.99,7.7
180,1910-01-01,21.45,4.77,13.1
181,1910-02-01,24.12,1.9,13.01
182,1910-03-01,49.44,24.58,37.02
183,1910-04-01,56.46,28.33,42.4
184,1910-05-01,57.65,33.08,45.37
185,1910-06-01,69.49,39.99,54.75
186,1910-07-01,77.09,47.64,62.37
187,1910-08-01,71.56,40.48,56.01
188,1910-09-01,61.93,37.04,49.5
189,1910-10-01,53.83,29.12,41.49
190,1910-11-01,35.82,21.38,28.6
191,1910-12-01,29.03,13.17,21.09
192,1911-01-01,25.74,9.25,17.47
193,1911-02-01,26.6,3.63,15.12
194,1911-03-01,44.13,18.12,31.12
195,1911-04-01,44.94,21.25,33.1
196,1911-05-01,55.02,32.16,43.59
197,1911-06-01,67.77,43.0,55.38
198,1911-07-01,71.69,43.39,57.54
199,1911-08-01,68.95,40.68,54.82
200,1911-09-01,60.67,35.76,48.22
201,1911-10-01,45.09,23.38,34.23
202,1911-11-01,29.37,11.7,20.53
203,1911-12-01,24.55,5.47,15.01
204,1912-01-01,25.3,8.85,17.08
205,1912-02-01,31.3,10.99,21.15
206,1912-03-01,29.16,6.12,17.62
207,1912-04-01,45.46,23.59,34.54
208,1912-05-01,53.28,30.85,42.06
209,1912-06-01,66.67,39.87,53.26
210,1912-07-01,69.24,44.1,56.68
211,1912-08-01,66.38,43.23,54.81
212,1912-09-01,50.4,31.69,41.05
213,1912-10-01,44.28,25.59,34.93
214,1912-11-01,38.62,21.61,30.13
215,1912-12-01,28.63,9.54,19.08
216,1913-01-01,23.83,5.34,14.58
217,1913-02-01,21.88,-0.78,10.54
218,1913-03-01,31.91,10.4,21.15
219,1913-04-01,50.23,23.61,36.91
220,1913-05-01,55.31,33.55,44.44
221,1913-06-01,65.46,42.42,53.94
222,1913-07-01,69.51,44.8,57.16
223,1913-08-01,73.11,46.36,59.74
224,1913-09-01,62.26,36.54,49.41
225,1913-10-01,43.74,23.76,33.75
226,1913-11-01,38.59,19.63,29.1
227,1913-12-01,29.19,4.87,17.02
228,1914-01-01,31.8,12.87,22.32
229,1914-02-01,29.95,8.47,19.2
230,1914-03-01,41.59,14.45,28.02
231,1914-04-01,46.87,25.48,36.18
232,1914-05-01,59.13,33.01,46.08
233,1914-06-01,64.62,39.72,52.18
234,1914-07-01,74.32,46.35,60.35
235,1914-08-01,72.54,42.67,57.61
236,1914-09-01,63.59,35.1,49.35
237,1914-10-01,51.1,29.75,40.42
238,1914-11-01,43.72,17.94,30.83
239,1914-12-01,22.86,2.86,12.85
240,1915-01-01,26.56,8.1,17.31
241,1915-02-01,36.37,14.65,25.52
242,1915-03-01,38.52,16.41,27.46
243,1915-04-01,55.35,31.77,43.57
244,1915-05-01,52.57,32.09,42.33
245,1915-06-01,59.63,35.28,47.46
246,1915-07-01,68.0,41.67,54.84
247,1915-08-01,72.86,43.86,58.37
248,1915-09-01,56.39,35.13,45.77
249,1915-10-01,54.14,29.64,41.9
250,1915-11-01,35.85,19.06,27.45
251,1915-12-01,28.02,11.03,19.53
252,1916-01-01,12.27,-5.1,3.58
253,1916-02-01,31.8,10.98,21.38
254,1916-03-01,41.09,20.7,30.9
255,1916-04-01,47.17,24.1,35.64
256,1916-05-01,49.33,28.71,39.02
257,1916-06-01,62.91,35.42,49.17
258,1916-07-01,76.55,46.26,61.41
259,1916-08-01,70.99,42.3,56.64
260,1916-09-01,62.4,33.76,48.09
261,1916-10-01,43.75,23.45,33.6
262,1916-11-01,31.44,11.01,21.22
263,1916-12-01,17.44,1.67,9.55
264,1917-01-01,20.01,0.61,10.31
265,1917-02-01,25.88,4.75,15.31
266,1917-03-01,26.58,5.7,16.14
267,1917-04-01,39.7,20.03,29.86
268,1917-05-01,49.86,29.98,39.92
269,1917-06-01,63.77,36.25,50.02
270,1917-07-01,78.42,48.29,63.37
271,1917-08-01,70.75,41.9,56.34
272,1917-09-01,62.47,37.42,49.95
273,1917-10-01,48.2,23.85,36.03
274,1917-11-01,43.86,23.7,33.78
275,1917-12-01,29.93,13.87,21.9
276,1918-01-01,22.57,5.0,13.78
277,1918-02-01,27.36,6.85,17.1
278,1918-03-01,43.07,18.03,30.54
279,1918-04-01,39.58,19.56,29.57
280,1918-05-01,52.57,30.0,41.29
281,1918-06-01,70.95,44.47,57.72
282,1918-07-01,70.41,44.87,57.65
283,1918-08-01,69.28,41.27,55.27
284,1918-09-01,59.27,36.28,47.79
285,1918-10-01,51.71,30.51,41.11
286,1918-11-01,33.69,15.96,24.84
287,1918-12-01,29.84,13.03,21.42
288,1919-01-01,31.66,11.62,21.63
289,1919-02-01,28.45,7.16,17.8
290,1919-03-01,39.61,14.32,26.98
291,1919-04-01,49.6,25.61,37.62
292,1919-05-01,60.82,33.76,47.28
293,1919-06-01,75.22,42.66,58.95
294,1919-07-01,79.2,47.05,63.12
295,1919-08-01,75.33,44.69,60.01
296,1919-09-01,62.8,37.98,50.38
297,1919-10-01,38.46,19.29,28.87
298,1919-11-01,30.43,10.49,20.46
299,1919-12-01,21.52,0.27,10.9
300,1920-01-01,29.53,10.27,19.9
301,1920-02-01,31.55,8.49,20.01
302,1920-03-01,33.87,12.04,22.95
303,1920-04-01,38.3,18.66,28.47
304,1920-05-01,53.49,31.39,42.44
305,1920-06-01,63.91,38.19,51.06
306,1920-07-01,75.16,46.08,60.62
307,1920-08-01,72.12,43.81,57.97
308,1920-09-01,61.77,37.38,49.59
309,1920-10-01,46.6,26.96,36.79
310,1920-11-01,31.82,15.67,23.74
311,1920-12-01,26.73,11.75,19.24
312,1921-01-01,30.38,11.25,20.8
313,1921-02-01,35.08,12.87,23.97
314,1921-03-01,38.89,17.62,28.26
315,1921-04-01,44.74,22.24,33.49
316,1921-05-01,54.45,34.5,44.47
317,1921-06-01,70.39,44.24,57.33
318,1921-07-01,77.61,46.74,62.19
319,1921-08-01,73.63,44.46,59.05
320,1921-09-01,58.37,34.12,46.26
321,1921-10-01,56.03,29.61,42.82
322,1921-11-01,36.82,18.52,27.66
323,1921-12-01,27.19,10.13,18.66
324,1922-01-01,18.34,0.21,9.27
325,1922-02-01,21.92,-0.18,10.87
326,1922-03-01,36.39,13.75,25.07
327,1922-04-01,42.6,21.56,32.07
328,1922-05-01,54.72,32.59,43.66
329,1922-06-01,71.46,41.61,56.55
330,1922-07-01,73.4,44.69,59.04
331,1922-08-01,75.04,48.11,61.57
332,1922-09-01,67.71,38.19,52.95
333,1922-10-01,54.16,28.35,41.25
334,1922-11-01,32.59,15.37,23.99
335,1922-12-01,23.72,6.64,15.17
336,1923-01-01,29.57,13.57,21.56
337,1923-02-01,27.3,2.39,14.85
338,1923-03-01,33.84,10.36,22.08
339,1923-04-01,45.03,22.1,33.57
340,1923-05-01,56.17,33.17,44.67
341,1923-06-01,64.31,39.67,52.0
342,1923-07-01,76.5,50.22,63.36
343,1923-08-01,69.85,43.72,56.8
344,1923-09-01,63.23,37.29,50.27
345,1923-10-01,41.45,23.5,32.47
346,1923-11-01,38.8,18.3,28.54
347,1923-12-01,25.7,5.88,15.78
348,1924-01-01,21.13,3.56,12.33
349,1924-02-01,35.67,13.57,24.62
350,1924-03-01,29.05,10.4,19.72
351,1924-04-01,43.88,23.95,33.91
352,1924-05-01,56.32,31.73,44.02
353,1924-06-01,64.02,38.03,51.03
354,1924-07-01,73.38,44.96,59.18
355,1924-08-01,72.82,42.66,57.74
356,1924-09-01,61.45,35.74,48.6
357,1924-10-01,47.3,29.1,38.19
358,1924-11-01,35.37,17.35,26.37
359,1924-12-01,18.28,1.69,9.99
360,1925-01-01,26.46,11.08,18.77
361,1925-02-01,34.84,18.91,26.87
362,1925-03-01,40.57,18.88,29.73
363,1925-04-01,48.15,27.52,37.83
364,1925-05-01,57.76,34.05,45.91
365,1925-06-01,63.28,40.51,51.91
366,1925-07-01,75.67,48.11,61.9
367,1925-08-01,70.92,43.36,57.15
368,1925-09-01,60.39,37.36,48.88
369,1925-10-01,39.22,21.25,30.24
370,1925-11-01,33.66,17.28,25.47
371,1925-12-01,31.44,16.65,24.04
372,1926-01-01,26.96,9.25,18.1
373,1926-02-01,34.65,17.24,25.93
374,1926-03-01,37.15,14.45,25.79
375,1926-04-01,51.31,25.34,38.32
376,1926-05-01,57.33,36.5,46.92
377,1926-06-01,67.24,41.16,54.21
378,1926-07-01,74.62,47.46,61.05
379,1926-08-01,70.41,44.73,57.58
380,1926-09-01,55.13,30.13,42.64
381,1926-10-01,50.38,29.53,39.96
382,1926-11-01,37.71,22.3,29.98
383,1926-12-01,26.46,8.96,17.71
384,1927-01-01,25.47,6.75,16.11
385,1927-02-01,31.59,12.7,22.15
386,1927-03-01,37.22,13.14,25.18
387,1927-04-01,42.94,22.01,32.49
388,1927-05-01,49.33,30.83,40.08
389,1927-06-01,64.29,40.48,52.39
390,1927-07-01,73.47,44.64,59.05
391,1927-08-01,66.25,40.75,53.51
392,1927-09-01,59.05,36.09,47.57
393,1927-10-01,52.0,29.26,40.64
394,1927-11-01,36.21,22.21,29.21
395,1927-12-01,18.86,-0.22,9.32
396,1928-01-01,28.58,11.61,20.08
397,1928-02-01,29.75,5.95,17.85
398,1928-03-01,39.69,15.82,27.75
399,1928-04-01,43.16,20.44,31.8
400,1928-05-01,60.82,36.43,48.63
401,1928-06-01,58.86,37.09,47.98
402,1928-07-01,72.46,45.72,59.09
403,1928-08-01,70.9,40.42,55.67
404,1928-09-01,63.7,34.66,49.19
405,1928-10-01,49.1,27.63,38.37
406,1928-11-01,36.34,18.12,27.23
407,1928-12-01,25.7,7.86,16.77
408,1929-01-01,18.48,-0.36,9.05
409,1929-02-01,20.95,0.12,10.53
410,1929-03-01,35.67,14.94,25.3
411,1929-04-01,41.56,22.1,31.84
412,1929-05-01,53.62,28.27,40.95
413,1929-06-01,64.8,38.95,51.87
414,1929-07-01,76.78,46.65,61.72
415,1929-08-01,76.33,47.62,61.99
416,1929-09-01,55.29,33.85,44.56
417,1929-10-01,52.18,28.04,40.12
418,1929-11-01,29.98,10.35,20.16
419,1929-12-01,30.65,14.72,22.68
420,1930-01-01,12.33,-7.89,2.21
421,1930-02-01,35.67,19.38,27.54
422,1930-03-01,34.65,14.22,24.42
423,1930-04-01,54.36,29.77,42.06
424,1930-05-01,55.38,32.38,43.88
425,1930-06-01,67.24,38.53,52.9
426,1930-07-01,76.19,47.41,61.81
427,1930-08-01,70.75,48.15,59.47
428,1930-09-01,61.81,37.06,49.44
429,1930-10-01,43.66,27.34,35.49
430,1930-11-01,37.89,15.08,26.49
431,1930-12-01,30.18,10.13,20.16
432,1931-01-01,32.58,12.81,22.69
433,1931-02-01,37.63,12.99,25.3
434,1931-03-01,37.22,14.13,25.66
435,1931-04-01,47.26,24.08,35.67
436,1931-05-01,56.64,31.98,44.31
437,1931-06-01,70.56,43.32,56.95
438,1931-07-01,78.24,46.78,62.53
439,1931-08-01,73.87,44.8,59.34
440,1931-09-01,63.01,37.4,50.22
441,1931-10-01,50.34,27.88,39.13
442,1931-11-01,32.79,13.98,23.38
443,1931-12-01,26.96,10.87,18.91
444,1932-01-01,20.91,3.51,12.22
445,1932-02-01,31.3,9.72,20.5
446,1932-03-01,29.57,8.82,19.18
447,1932-04-01,46.58,25.12,35.85
448,1932-05-01,56.01,34.05,45.05
449,1932-06-01,64.65,41.29,52.97
450,1932-07-01,74.34,46.9,60.62
451,1932-08-01,73.87,44.28,59.07
452,1932-09-01,63.93,35.47,49.71
453,1932-10-01,45.7,23.99,34.84
454,1932-11-01,38.89,21.18,30.04
455,1932-12-01,18.9,1.49,10.18
456,1933-01-01,26.64,12.65,19.65
457,1933-02-01,21.49,1.33,11.41
458,1933-03-01,39.43,16.03,27.73
459,1933-04-01,43.99,21.34,32.67
460,1933-05-01,52.56,30.58,41.58
461,1933-06-01,73.51,43.29,58.41
462,1933-07-01,80.19,47.91,64.04
463,1933-08-01,70.75,43.99,57.38
464,1933-09-01,63.82,37.11,50.47
465,1933-10-01,56.12,29.57,42.85
466,1933-11-01,42.1,21.43,31.77
467,1933-12-01,34.52,18.14,26.33
468,1934-01-01,34.56,17.85,26.2
469,1934-02-01,39.06,15.67,27.36
470,1934-03-01,44.67,20.88,32.77
471,1934-04-01,54.91,27.3,41.11
472,1934-05-01,68.18,38.12,53.15
473,1934-06-01,65.98,40.44,53.22
474,1934-07-01,77.04,47.41,62.24
475,1934-08-01,74.01,44.83,59.41
476,1934-09-01,58.3,32.74,45.52
477,1934-10-01,55.36,32.32,43.84
478,1934-11-01,41.97,23.29,32.63
479,1934-12-01,30.13,13.55,21.83
480,1935-01-01,32.52,12.69,22.6
481,1935-02-01,36.77,11.48,24.12
482,1935-03-01,35.74,15.12,25.43
483,1935-04-01,42.93,20.3,31.6
484,1935-05-01,51.26,30.99,41.13
485,1935-06-01,66.42,39.0,52.72
486,1935-07-01,80.64,46.02,63.34
487,1935-08-01,75.16,42.85,59.02
488,1935-09-01,66.42,37.35,51.89
489,1935-10-01,51.19,25.63,38.41
490,1935-11-01,30.18,13.21,21.69
491,1935-12-01,29.82,11.01,20.41
492,1936-01-01,25.32,6.73,16.02
493,1936-02-01,17.28,-3.35,6.96
494,1936-03-01,35.67,13.35,24.51
495,1936-04-01,46.63,22.87,34.75
496,1936-05-01,65.14,35.71,50.43
497,1936-06-01,70.95,43.29,57.11
498,1936-07-01,80.01,52.05,66.04
499,1936-08-01,73.63,46.13,59.88
500,1936-09-01,64.69,34.83,49.77
501,1936-10-01,50.85,27.14,39.0
502,1936-11-01,38.5,14.11,26.29
503,1936-12-01,29.43,12.02,20.71
504,1937-01-01,11.16,-8.77,1.2
505,1937-02-01,28.27,7.92,18.09
506,1937-03-01,37.22,13.84,25.52
507,1937-04-01,46.2,23.11,34.66
508,1937-05-01,61.63,33.82,47.73
509,1937-06-01,65.44,41.0,53.22
510,1937-07-01,75.33,48.4,61.88
511,1937-08-01,76.93,44.98,60.96
512,1937-09-01,65.44,38.26,51.85
513,1937-10-01,53.62,29.86,41.74
514,1937-11-01,36.14,19.74,27.93
515,1937-12-01,28.87,12.13,20.5
516,1938-01-01,29.5,9.9,19.69
517,1938-02-01,33.22,11.1,22.15
518,1938-03-01,37.53,17.51,27.5
519,1938-04-01,47.61,23.45,35.53
520,1938-05-01,53.28,32.76,43.02
521,1938-06-01,67.6,41.54,54.57
522,1938-07-01,72.32,46.89,59.61
523,1938-08-01,72.88,43.74,58.32
524,1938-09-01,68.79,40.5,54.64
525,1938-10-01,51.26,31.14,41.2
526,1938-11-01,28.98,12.25,20.61
527,1938-12-01,29.75,13.64,21.69
528,1939-01-01,30.07,12.92,21.49
529,1939-02-01,23.13,0.57,11.84
530,1939-03-01,38.46,16.21,27.34
531,1939-04-01,51.49,26.44,38.97
532,1939-05-01,61.3,35.06,48.18
533,1939-06-01,62.42,38.08,50.25
534,1939-07-01,77.32,47.59,62.46
535,1939-08-01,73.83,42.87,58.35
536,1939-09-01,65.21,37.33,51.28
537,1939-10-01,50.45,29.93,40.19
538,1939-11-01,46.08,18.5,32.29
539,1939-12-01,35.85,19.49,27.66
540,1940-01-01,23.74,4.32,14.02
541,1940-02-01,31.57,14.45,23.0
542,1940-03-01,41.74,20.03,30.88
543,1940-04-01,46.69,25.99,36.34
544,1940-05-01,61.86,34.05,47.95
545,1940-06-01,71.1,41.72,56.41
546,1940-07-01,77.0,48.18,62.6
547,1940-08-01,77.29,45.07,61.2
548,1940-09-01,66.09,42.75,54.43
549,1940-10-01,54.25,32.27,43.27
550,1940-11-01,31.51,13.48,22.5
551,1940-12-01,31.33,14.59,22.96
552,1941-01-01,30.63,12.29,21.45
553,1941-02-01,36.21,11.34,23.77
554,1941-03-01,39.61,17.8,28.71
555,1941-04-01,46.13,25.05,35.6
556,1941-05-01,60.17,35.89,48.04
557,1941-06-01,65.64,42.03,53.83
558,1941-07-01,74.57,48.27,61.41
559,1941-08-01,70.0,47.25,58.64
560,1941-09-01,55.02,34.54,44.78
561,1941-10-01,47.93,27.21,37.58
562,1941-11-01,38.44,20.03,29.23
563,1941-12-01,29.46,14.27,21.87
564,1942-01-01,24.33,4.75,14.54
565,1942-02-01,25.97,3.0,14.49
566,1942-03-01,36.55,12.58,24.57
567,1942-04-01,51.19,27.3,39.24
568,1942-05-01,51.67,31.15,41.41
569,1942-06-01,62.6,37.54,50.09
570,1942-07-01,77.0,45.28,61.14
571,1942-08-01,73.69,43.72,58.69
572,1942-09-01,61.9,36.37,49.14
573,1942-10-01,50.52,27.32,38.93
574,1942-11-01,34.32,17.02,25.66
575,1942-12-01,29.53,13.75,21.65
576,1943-01-01,23.59,1.74,12.67
577,1943-02-01,34.0,10.54,22.26
578,1943-03-01,32.11,6.31,19.2
579,1943-04-01,54.28,30.13,42.21
580,1943-05-01,52.12,30.36,41.25
581,1943-06-01,61.74,38.14,49.95
582,1943-07-01,76.69,46.0,61.36
583,1943-08-01,74.97,44.4,59.68
584,1943-09-01,65.64,36.3,50.97
585,1943-10-01,53.94,30.94,42.44
586,1943-11-01,40.51,20.97,30.74
587,1943-12-01,32.05,11.73,21.9
588,1944-01-01,28.71,7.95,18.32
589,1944-02-01,30.51,8.74,19.63
590,1944-03-01,33.67,11.03,22.35
591,1944-04-01,47.61,25.52,36.57
592,1944-05-01,58.53,34.43,46.49
593,1944-06-01,60.62,38.48,49.55
594,1944-07-01,71.22,44.31,57.78
595,1944-08-01,71.83,40.68,56.26
596,1944-09-01,62.47,36.41,49.44
597,1944-10-01,56.95,29.43,43.2
598,1944-11-01,36.07,17.85,26.96
599,1944-12-01,29.75,7.97,18.86
600,1945-01-01,30.87,11.62,21.25
601,1945-02-01,32.23,11.03,21.61
602,1945-03-01,38.77,15.82,27.28
603,1945-04-01,42.17,19.2,30.69
604,1945-05-01,54.14,32.09,43.12
605,1945-06-01,57.33,37.47,47.41
606,1945-07-01,73.72,45.0,59.36
607,1945-08-01,72.07,44.37,58.21
608,1945-09-01,58.03,35.67,46.85
609,1945-10-01,55.53,30.16,42.85
610,1945-11-01,34.63,19.2,26.91
611,1945-12-01,25.16,9.52,17.33
612,1946-01-01,29.05,9.77,19.4
613,1946-02-01,32.65,11.3,21.97
614,1946-03-01,42.49,20.43,31.46
615,1946-04-01,54.81,28.98,41.9
616,1946-05-01,52.47,31.26,41.88
617,1946-06-01,66.74,40.12,53.42
618,1946-07-01,75.72,47.5,61.61
619,1946-08-01,71.49,43.61,57.56
620,1946-09-01,60.93,35.82,48.38
621,1946-10-01,41.16,25.95,33.55
622,1946-11-01,34.65,17.17,25.9
623,1946-12-01,31.91,14.95,23.43
624,1947-01-01,25.61,7.27,16.43
625,1947-02-01,31.59,8.94,20.26
626,1947-03-01,37.0,14.31,25.65
627,1947-04-01,46.71,23.49,35.1
628,1947-05-01,58.98,33.93,46.45
629,1947-06-01,59.54,37.92,48.74
630,1947-07-01,76.3,46.53,61.41
631,1947-08-01,72.81,45.39,59.09
632,1947-09-01,62.89,38.62,50.76
633,1947-10-01,54.03,32.94,43.48
634,1947-11-01,28.87,13.64,21.25
635,1947-12-01,28.22,12.69,20.44
636,1948-01-01,27.07,7.52,17.29
637,1948-02-01,27.52,6.93,17.22
638,1948-03-01,33.53,9.91,21.72
639,1948-04-01,47.43,25.25,36.34
640,1948-05-01,57.94,33.8,45.88
641,1948-06-01,63.68,42.73,53.22
642,1948-07-01,72.63,44.6,58.62
643,1948-08-01,73.02,43.93,58.48
644,1948-09-01,65.5,38.53,52.02
645,1948-10-01,53.94,27.18,40.57
646,1948-11-01,31.15,16.25,23.7
647,1948-12-01,22.89,5.14,14.02
648,1949-01-01,15.22,-7.73,3.74
649,1949-02-01,26.78,4.93,15.85
650,1949-03-01,36.81,15.1,25.95
651,1949-04-01,54.1,26.91,40.51
652,1949-05-01,58.51,35.33,46.92
653,1949-06-01,63.88,39.94,51.91
654,1949-07-01,75.25,44.85,60.06
655,1949-08-01,74.39,44.91,59.65
656,1949-09-01,62.19,36.0,49.1
657,1949-10-01,42.33,25.21,33.78
658,1949-11-01,45.91,25.93,35.92
659,1949-12-01,27.93,10.65,19.29
660,1950-01-01,20.16,1.71,10.92
661,1950-02-01,35.65,15.51,25.59
662,1950-03-01,34.92,13.96,24.44
663,1950-04-01,45.19,22.14,33.66
664,1950-05-01,51.66,27.63,39.65
665,1950-06-01,62.92,37.47,50.2
666,1950-07-01,68.72,43.34,56.03
667,1950-08-01,70.54,42.22,56.39
668,1950-09-01,58.39,36.16,47.28
669,1950-10-01,53.26,31.82,42.55
670,1950-11-01,34.72,18.23,26.47
671,1950-12-01,33.42,17.37,25.39
672,1951-01-01,23.38,4.87,14.11
673,1951-02-01,33.91,12.6,23.25
674,1951-03-01,33.31,10.35,21.83
675,1951-04-01,46.18,21.51,33.84
676,1951-05-01,57.58,33.75,45.66
677,1951-06-01,57.11,35.08,46.09
678,1951-07-01,72.45,45.25,58.84
679,1951-08-01,68.22,44.53,56.37
680,1951-09-01,59.81,33.4,46.62
681,1951-10-01,44.6,27.34,35.98
682,1951-11-01,34.63,16.32,25.47
683,1951-12-01,23.31,6.46,14.88
684,1952-01-01,25.92,7.7,16.81
685,1952-02-01,32.23,9.54,20.88
686,1952-03-01,33.37,10.42,21.9
687,1952-04-01,53.06,25.65,39.36
688,1952-05-01,57.72,34.12,45.93
689,1952-06-01,67.87,40.64,54.27
690,1952-07-01,72.5,43.92,58.21
691,1952-08-01,71.64,44.78,58.21
692,1952-09-01,68.58,37.87,53.22
693,1952-10-01,57.78,27.72,42.75
694,1952-11-01,33.1,11.44,22.26
695,1952-12-01,30.16,14.16,22.15
696,1953-01-01,36.19,21.92,29.05
697,1953-02-01,31.91,12.51,22.19
698,1953-03-01,41.14,18.23,29.68
699,1953-04-01,41.81,19.67,30.74
700,1953-05-01,51.31,29.57,40.44
701,1953-06-01,65.84,39.07,52.47
702,1953-07-01,77.72,47.43,62.58
703,1953-08-01,73.92,44.94,59.43
704,1953-09-01,66.81,36.77,51.8
705,1953-10-01,55.74,30.09,42.93
706,1953-11-01,42.26,23.85,33.04
707,1953-12-01,29.17,12.94,21.06
708,1954-01-01,29.37,11.39,20.37
709,1954-02-01,40.95,19.24,30.09
710,1954-03-01,33.22,10.24,21.72
711,1954-04-01,47.55,25.05,36.3
712,1954-05-01,57.51,32.81,45.16
713,1954-06-01,62.47,38.23,50.34
714,1954-07-01,77.58,48.22,62.91
715,1954-08-01,72.28,42.96,57.61
716,1954-09-01,64.94,36.3,50.63
717,1954-10-01,50.81,24.85,37.83
718,1954-11-01,44.06,23.43,33.75
719,1954-12-01,31.23,10.98,21.09
720,1955-01-01,26.65,7.66,17.15
721,1955-02-01,26.92,5.94,16.43
722,1955-03-01,30.4,7.3,18.84
723,1955-04-01,45.57,22.44,34.02
724,1955-05-01,56.46,32.43,44.44
725,1955-06-01,63.09,38.97,51.03
726,1955-07-01,74.61,46.69,60.66
727,1955-08-01,76.48,47.25,61.86
728,1955-09-01,61.88,36.01,48.96
729,1955-10-01,54.36,28.89,41.61
730,1955-11-01,27.99,10.36,19.17
731,1955-12-01,27.21,9.18,18.19
732,1956-01-01,28.8,10.62,19.71
733,1956-02-01,26.83,3.81,15.31
734,1956-03-01,36.45,13.59,25.02
735,1956-04-01,45.54,22.95,34.23
736,1956-05-01,58.3,34.83,46.56
737,1956-06-01,71.74,41.13,56.44
738,1956-07-01,74.37,45.72,60.04
739,1956-08-01,70.66,42.22,56.44
740,1956-09-01,66.16,36.63,51.4
741,1956-10-01,51.98,29.25,40.62
742,1956-11-01,34.75,13.82,24.28
743,1956-12-01,31.93,11.93,21.92
744,1957-01-01,18.59,-3.17,7.7
745,1957-02-01,34.95,13.17,24.06
746,1957-03-01,38.97,15.55,27.27
747,1957-04-01,43.16,22.05,32.61
748,1957-05-01,55.94,35.33,45.64
749,1957-06-01,63.32,40.51,51.93
750,1957-07-01,75.87,46.67,61.27
751,1957-08-01,73.54,44.96,59.25
752,1957-09-01,61.83,35.71,48.78
753,1957-10-01,47.88,28.8,38.34
754,1957-11-01,31.42,14.04,22.73
755,1957-12-01,34.12,16.09,25.11
756,1958-01-01,33.15,11.53,22.33
757,1958-02-01,36.93,15.48,26.2
758,1958-03-01,34.61,13.6,24.1
759,1958-04-01,43.99,22.59,33.3
760,1958-05-01,64.85,36.7,50.77
761,1958-06-01,64.31,40.42,52.38
762,1958-07-01,68.94,43.21,56.08
763,1958-08-01,74.41,46.51,60.46
764,1958-09-01,63.93,36.55,50.23
765,1958-10-01,55.35,28.44,41.88
766,1958-11-01,36.28,17.76,27.01
767,1958-12-01,31.93,13.98,22.95
768,1959-01-01,28.17,9.84,19.0
769,1959-02-01,28.49,7.3,17.89
770,1959-03-01,38.08,15.98,27.03
771,1959-04-01,46.2,22.96,34.59
772,1959-05-01,51.64,29.61,40.62
773,1959-06-01,70.14,41.97,56.07
774,1959-07-01,75.87,45.21,60.55
775,1959-08-01,73.85,43.7,58.78
776,1959-09-01,59.36,36.82,48.09
777,1959-10-01,48.27,27.48,37.89
778,1959-11-01,34.38,11.75,23.05
779,1959-12-01,32.29,11.71,21.99
780,1960-01-01,26.89,9.66,18.27
781,1960-02-01,25.75,4.89,15.31
782,1960-03-01,39.0,15.04,27.01
783,1960-04-01,47.37,24.44,35.91
784,1960-05-01,57.58,32.05,44.82
785,1960-06-01,68.58,40.32,54.45
786,1960-07-01,77.83,47.3,62.56
787,1960-08-01,71.83,43.0,57.42
788,1960-09-01,65.01,37.51,51.26
789,1960-10-01,51.1,29.26,40.19
790,1960-11-01,35.29,18.03,26.65
791,1960-12-01,29.77,9.41,19.58
792,1961-01-01,32.5,9.88,21.2
793,1961-02-01,36.46,18.77,27.61
794,1961-03-01,40.78,18.55,29.66
795,1961-04-01,44.56,21.87,33.21
796,1961-05-01,57.07,33.53,45.3
797,1961-06-01,72.57,42.87,57.72
798,1961-07-01,75.69,46.85,61.27
799,1961-08-01,75.13,47.91,61.52
800,1961-09-01,52.23,33.04,42.64
801,1961-10-01,46.81,26.8,36.82
802,1961-11-01,33.73,14.88,24.3
803,1961-12-01,24.19,7.61,15.89
804,1962-01-01,20.55,-0.33,10.11
805,1962-02-01,29.43,10.99,20.21
806,1962-03-01,35.26,13.1,24.17
807,1962-04-01,51.4,25.48,38.44
808,1962-05-01,55.31,33.58,44.46
809,1962-06-01,65.14,39.88,52.52
810,1962-07-01,70.75,43.84,57.31
811,1962-08-01,70.77,42.66,56.71
812,1962-09-01,63.16,35.73,49.44
813,1962-10-01,55.87,30.67,43.29
814,1962-11-01,40.41,21.69,31.05
815,1962-12-01,33.48,15.39,24.42
816,1963-01-01,19.31,-2.16,8.56
817,1963-02-01,38.41,18.46,28.44
818,1963-03-01,39.94,15.73,27.82
819,1963-04-01,45.07,23.23,34.16
820,1963-05-01,57.15,33.91,45.54
821,1963-06-01,63.59,40.28,51.94
822,1963-07-01,75.15,44.26,59.7
823,1963-08-01,73.9,44.65,59.29
824,1963-09-01,66.33,42.33,54.34
825,1963-10-01,57.6,33.53,45.57
826,1963-11-01,39.67,21.96,30.81
827,1963-12-01,28.72,9.0,18.86
828,1964-01-01,26.85,9.52,18.18
829,1964-02-01,28.0,6.26,17.13
830,1964-03-01,32.49,9.16,20.8
831,1964-04-01,45.68,23.92,34.79
832,1964-05-01,55.83,33.28,44.55
833,1964-06-01,60.49,40.05,50.27
834,1964-07-01,77.04,47.41,62.22
835,1964-08-01,69.64,42.1,55.87
836,1964-09-01,61.83,34.09,47.97
837,1964-10-01,54.88,28.76,41.83
838,1964-11-01,35.06,17.02,26.02
839,1964-12-01,26.19,10.09,18.14
840,1965-01-01,31.21,15.67,23.43
841,1965-02-01,30.49,9.0,19.74
842,1965-03-01,27.54,1.8,14.67
843,1965-04-01,46.9,26.83,36.88
844,1965-05-01,52.39,30.96,41.68
845,1965-06-01,62.64,39.58,51.12
846,1965-07-01,72.5,46.08,59.29
847,1965-08-01,69.21,43.84,56.53
848,1965-09-01,49.68,29.91,39.79
849,1965-10-01,57.67,30.6,44.13
850,1965-11-01,41.52,23.23,32.38
851,1965-12-01,32.23,14.29,23.25
852,1966-01-01,27.07,9.61,18.34
853,1966-02-01,30.69,8.4,19.54
854,1966-03-01,41.7,15.85,28.78
855,1966-04-01,44.06,21.45,32.76
856,1966-05-01,62.33,32.94,47.64
857,1966-06-01,64.45,38.88,51.67
858,1966-07-01,79.14,47.79,63.46
859,1966-08-01,71.58,43.63,57.61
860,1966-09-01,66.02,41.09,53.55
861,1966-10-01,50.38,26.82,38.61
862,1966-11-01,37.18,19.2,28.2
863,1966-12-01,28.62,12.67,20.64
864,1967-01-01,30.34,15.15,22.73
865,1967-02-01,32.94,13.59,23.25
866,1967-03-01,37.6,16.25,26.92
867,1967-04-01,43.61,21.7,32.67
868,1967-05-01,53.85,30.49,42.17
869,1967-06-01,59.77,39.67,49.73
870,1967-07-01,73.67,46.22,59.95
871,1967-08-01,74.5,44.08,59.29
872,1967-09-01,66.07,39.97,53.02
873,1967-10-01,51.85,29.39,40.62
874,1967-11-01,36.48,18.09,27.28
875,1967-12-01,23.04,5.16,14.09
876,1968-01-01,26.22,5.85,16.02
877,1968-02-01,34.72,14.97,24.84
878,1968-03-01,42.87,19.04,30.96
879,1968-04-01,43.29,19.81,31.55
880,1968-05-01,52.77,30.07,41.43
881,1968-06-01,63.75,38.98,51.37
882,1968-07-01,74.55,44.44,59.5
883,1968-08-01,66.24,42.69,54.46
884,1968-09-01,60.66,36.66,48.67
885,1968-10-01,52.18,28.02,40.1
886,1968-11-01,34.12,17.11,25.61
887,1968-12-01,24.71,7.43,16.07
888,1969-01-01,25.66,8.82,17.24
889,1969-02-01,31.14,11.66,21.4
890,1969-03-01,35.85,10.0,22.93
891,1969-04-01,52.16,26.92,39.56
892,1969-05-01,61.12,33.01,47.07
893,1969-06-01,60.44,37.69,49.06
894,1969-07-01,74.1,45.09,59.59
895,1969-08-01,77.54,45.79,61.66
896,1969-09-01,66.9,38.59,52.74
897,1969-10-01,41.92,23.58,32.76
898,1969-11-01,39.02,18.39,28.71
899,1969-12-01,31.28,13.8,22.55
900,1970-01-01,27.73,11.43,19.58
901,1970-02-01,38.48,14.31,26.38
902,1970-03-01,34.48,12.87,23.67
903,1970-04-01,38.41,18.46,28.44
904,1970-05-01,56.73,32.29,44.51
905,1970-06-01,67.21,41.05,54.14
906,1970-07-01,75.63,46.81,61.23
907,1970-08-01,77.77,45.39,61.59
908,1970-09-01,57.07,33.39,45.23
909,1970-10-01,46.15,24.1,35.13
910,1970-11-01,35.56,17.92,26.74
911,1970-12-01,26.83,11.12,18.99
912,1971-01-01,26.49,12.06,19.27
913,1971-02-01,30.78,11.34,21.06
914,1971-03-01,35.29,14.02,24.66
915,1971-04-01,45.63,22.95,34.29
916,1971-05-01,55.76,32.76,44.26
917,1971-06-01,66.6,39.54,53.06
918,1971-07-01,72.82,42.89,57.87
919,1971-08-01,78.62,48.13,63.37
920,1971-09-01,58.3,33.39,45.84
921,1971-10-01,45.25,25.95,35.6
922,1971-11-01,35.49,17.53,26.51
923,1971-12-01,24.4,8.1,16.25
924,1972-01-01,22.21,4.98,13.59
925,1972-02-01,33.46,15.24,24.35
926,1972-03-01,45.01,22.17,33.58
927,1972-04-01,46.8,23.31,35.06
928,1972-05-01,56.17,32.59,44.38
929,1972-06-01,67.57,41.45,54.52
930,1972-07-01,70.61,42.39,56.5
931,1972-08-01,71.35,44.98,58.17
932,1972-09-01,58.05,34.83,46.44
933,1972-10-01,48.54,27.03,37.8
934,1972-11-01,33.55,17.82,25.68
935,1972-12-01,20.16,3.51,11.82
936,1973-01-01,24.93,5.76,15.33
937,1973-02-01,33.44,10.53,21.97
938,1973-03-01,37.81,15.84,26.82
939,1973-04-01,41.0,20.62,30.81
940,1973-05-01,56.73,30.85,43.79
941,1973-06-01,66.9,41.05,53.98
942,1973-07-01,73.06,45.63,59.36
943,1973-08-01,74.05,45.0,59.52
944,1973-09-01,58.46,36.7,47.59
945,1973-10-01,52.88,30.13,41.5
946,1973-11-01,32.63,19.26,25.93
947,1973-12-01,31.15,15.08,23.11
948,1974-01-01,24.3,8.17,16.23
949,1974-02-01,34.88,14.94,24.91
950,1974-03-01,38.46,17.46,27.95
951,1974-04-01,48.06,25.0,36.54
952,1974-05-01,53.22,29.82,41.52
953,1974-06-01,70.75,40.68,55.72
954,1974-07-01,76.82,47.01,61.93
955,1974-08-01,69.04,41.18,55.11
956,1974-09-01,63.43,32.88,48.16
957,1974-10-01,54.27,28.8,41.54
958,1974-11-01,37.17,19.44,28.29
959,1974-12-01,28.31,10.71,19.51
960,1975-01-01,24.69,6.98,15.84
961,1975-02-01,27.39,5.05,16.21
962,1975-03-01,34.47,14.67,24.55
963,1975-04-01,37.89,17.56,27.72
964,1975-05-01,50.58,29.57,40.08
965,1975-06-01,61.32,37.26,49.3
966,1975-07-01,75.07,48.27,61.68
967,1975-08-01,69.55,41.29,55.42
968,1975-09-01,63.91,33.42,48.67
969,1975-10-01,48.16,28.11,38.14
970,1975-11-01,33.26,14.23,23.74
971,1975-12-01,31.44,15.24,23.34
972,1976-01-01,28.09,9.64,18.86
973,1976-02-01,33.21,14.61,23.92
974,1976-03-01,34.74,10.78,22.75
975,1976-04-01,46.89,24.91,35.89
976,1976-05-01,59.7,33.55,46.62
977,1976-06-01,64.0,37.53,50.77
978,1976-07-01,77.09,45.95,61.52
979,1976-08-01,71.2,43.03,57.13
980,1976-09-01,64.4,37.49,50.95
981,1976-10-01,49.96,25.29,37.63
982,1976-11-01,38.93,18.32,28.63
983,1976-12-01,32.02,12.25,22.14
984,1977-01-01,24.85,3.96,14.41
985,1977-02-01,38.61,14.29,26.46
986,1977-03-01,35.96,13.66,24.8
987,1977-04-01,53.4,24.94,39.18
988,1977-05-01,55.38,33.24,44.31
989,1977-06-01,70.5,43.63,57.07
990,1977-07-01,74.61,46.18,60.4
991,1977-08-01,68.47,42.71,55.58
992,1977-09-01,62.33,36.07,49.19
993,1977-10-01,52.65,28.62,40.64
994,1977-11-01,35.22,17.22,26.22
995,1977-12-01,27.82,10.24,19.02
996,1978-01-01,24.98,5.45,15.21
997,1978-02-01,27.93,8.29,18.1
998,1978-03-01,41.36,18.88,30.13
999,1978-04-01,47.48,26.94,37.22
1000,1978-05-01,52.14,32.14,42.15
1001,1978-06-01,66.33,39.27,52.81
1002,1978-07-01,72.21,44.55,58.37
1003,1978-08-01,70.21,42.4,56.3
1004,1978-09-01,62.92,37.54,50.23
1005,1978-10-01,54.84,27.86,41.36
1006,1978-11-01,29.5,10.45,19.98
1007,1978-12-01,17.35,-1.61,7.86
1008,1979-01-01,12.13,-7.35,2.39
1009,1979-02-01,27.81,9.39,18.61
1010,1979-03-01,39.51,17.38,28.45
1011,1979-04-01,46.44,23.22,34.83
1012,1979-05-01,55.33,31.8,43.57
1013,1979-06-01,67.21,38.61,52.92
1014,1979-07-01,75.6,45.43,60.51
1015,1979-08-01,70.48,46.33,58.41
1016,1979-09-01,69.91,38.79,54.36
1017,1979-10-01,54.48,30.0,42.24
1018,1979-11-01,32.68,12.45,22.57
1019,1979-12-01,34.84,13.64,24.24
1020,1980-01-01,23.59,3.54,13.57
1021,1980-02-01,33.22,14.18,23.7
1022,1980-03-01,35.8,15.51,25.65
1023,1980-04-01,51.73,25.61,38.68
1024,1980-05-01,56.88,35.19,46.04
1025,1980-06-01,66.43,40.06,53.26
1026,1980-07-01,75.74,46.53,61.14
1027,1980-08-01,68.45,42.3,55.38
1028,1980-09-01,62.56,38.1,50.34
1029,1980-10-01,51.8,27.59,39.7
1030,1980-11-01,38.73,20.19,29.46
1031,1980-12-01,36.68,18.64,27.66
1032,1981-01-01,37.72,15.37,26.55
1033,1981-02-01,34.18,12.7,23.43
1034,1981-03-01,43.66,19.63,31.64
1035,1981-04-01,50.58,26.65,38.61
1036,1981-05-01,53.29,34.52,43.92
1037,1981-06-01,63.41,39.36,51.4
1038,1981-07-01,74.55,44.67,59.61
1039,1981-08-01,75.76,44.67,60.22
1040,1981-09-01,67.19,37.94,52.57
1041,1981-10-01,46.71,26.73,36.72
1042,1981-11-01,42.12,22.53,32.32
1043,1981-12-01,30.24,12.79,21.52
1044,1982-01-01,23.56,4.03,13.78
1045,1982-02-01,29.52,8.56,19.04
1046,1982-03-01,37.89,17.47,27.68
1047,1982-04-01,44.28,18.93,31.6
1048,1982-05-01,53.64,29.84,41.74
1049,1982-06-01,61.05,38.5,49.77
1050,1982-07-01,71.01,45.75,58.39
1051,1982-08-01,75.49,45.9,60.69
1052,1982-09-01,59.02,36.66,47.86
1053,1982-10-01,46.62,28.18,37.4
1054,1982-11-01,32.52,15.42,23.97
1055,1982-12-01,27.7,12.11,19.9
1056,1983-01-01,34.48,16.47,25.47
1057,1983-02-01,37.35,15.87,26.6
1058,1983-03-01,39.83,20.64,30.24
1059,1983-04-01,43.32,20.8,32.05
1060,1983-05-01,52.5,30.13,41.32
1061,1983-06-01,62.87,38.75,50.83
1062,1983-07-01,73.06,45.19,59.13
1063,1983-08-01,75.88,49.39,62.64
1064,1983-09-01,61.54,36.52,49.03
1065,1983-10-01,52.05,30.43,41.25
1066,1983-11-01,33.87,19.83,26.85
1067,1983-12-01,16.45,-1.86,7.29
1068,1984-01-01,27.57,10.51,19.04
1069,1984-02-01,34.7,11.62,23.16
1070,1984-03-01,38.37,19.09,28.72
1071,1984-04-01,45.03,21.83,33.42
1072,1984-05-01,55.56,31.5,43.54
1073,1984-06-01,63.73,38.57,51.15
1074,1984-07-01,75.11,47.57,61.34
1075,1984-08-01,74.16,47.16,60.66
1076,1984-09-01,57.78,32.68,45.23
1077,1984-10-01,45.27,22.86,34.07
1078,1984-11-01,36.28,17.08,26.69
1079,1984-12-01,24.93,3.7,14.31
1080,1985-01-01,25.21,2.79,14.0
1081,1985-02-01,26.76,2.91,14.83
1082,1985-03-01,38.62,12.15,25.38
1083,1985-04-01,52.25,25.92,39.07
1084,1985-05-01,60.46,34.5,47.48
1085,1985-06-01,67.64,40.14,53.89
1086,1985-07-01,76.59,47.57,62.08
1087,1985-08-01,70.93,41.04,55.99
1088,1985-09-01,54.84,32.74,43.79
1089,1985-10-01,49.19,25.27,37.24
1090,1985-11-01,24.01,6.64,15.31
1091,1985-12-01,26.29,8.8,17.55
1092,1986-01-01,34.2,15.69,24.94
1093,1986-02-01,31.33,12.54,21.94
1094,1986-03-01,47.35,24.22,35.78
1095,1986-04-01,47.77,25.57,36.68
1096,1986-05-01,57.34,30.99,44.17
1097,1986-06-01,72.05,42.67,57.36
1098,1986-07-01,70.7,42.64,56.66
1099,1986-08-01,73.78,44.31,59.05
1100,1986-09-01,53.67,34.16,43.92
1101,1986-10-01,51.28,28.22,39.76
1102,1986-11-01,34.2,15.26,24.73
1103,1986-12-01,30.74,10.35,20.53
1104,1987-01-01,28.24,8.38,18.3
1105,1987-02-01,35.24,13.66,24.44
1106,1987-03-01,40.26,17.89,29.07
1107,1987-04-01,58.39,28.17,43.29
1108,1987-05-01,61.29,36.79,49.05
1109,1987-06-01,69.28,41.63,55.47
1110,1987-07-01,70.81,44.83,57.83
1111,1987-08-01,69.69,41.45,55.56
1112,1987-09-01,67.01,36.59,51.8
1113,1987-10-01,55.47,27.34,41.41
1114,1987-11-01,39.49,20.68,30.09
1115,1987-12-01,27.57,10.6,19.08
1116,1988-01-01,25.36,6.35,15.85
1117,1988-02-01,34.16,11.79,22.96
1118,1988-03-01,38.34,15.26,26.8
1119,1988-04-01,52.05,25.95,39.0
1120,1988-05-01,60.6,34.05,47.34
1121,1988-06-01,77.22,45.52,61.38
1122,1988-07-01,79.77,47.44,63.61
1123,1988-08-01,75.58,43.83,59.7
1124,1988-09-01,62.67,35.71,49.19
1125,1988-10-01,58.59,32.41,45.5
1126,1988-11-01,33.82,17.29,25.56
1127,1988-12-01,28.83,9.81,19.33
1128,1989-01-01,28.51,8.98,18.73
1129,1989-02-01,21.83,0.91,11.37
1130,1989-03-01,39.24,17.67,28.44
1131,1989-04-01,49.19,24.55,36.88
1132,1989-05-01,56.52,32.81,44.67
1133,1989-06-01,66.31,39.29,52.81
1134,1989-07-01,79.41,48.74,64.08
1135,1989-08-01,71.42,43.88,57.65
1136,1989-09-01,64.29,35.91,50.11
1137,1989-10-01,48.9,28.76,38.84
1138,1989-11-01,38.34,20.77,29.55
1139,1989-12-01,28.24,9.55,18.9
1140,1990-01-01,30.09,13.71,21.88
1141,1990-02-01,32.02,9.86,20.93
1142,1990-03-01,41.72,17.58,29.64
1143,1990-04-01,50.14,26.91,38.53
1144,1990-05-01,53.89,30.88,42.39
1145,1990-06-01,67.21,40.15,53.69
1146,1990-07-01,74.37,45.99,60.19
1147,1990-08-01,74.19,45.66,59.92
1148,1990-09-01,70.16,41.54,55.85
1149,1990-10-01,48.81,26.42,37.62
1150,1990-11-01,38.91,20.62,29.77
1151,1990-12-01,20.14,-0.63,9.75
1152,1991-01-01,25.79,6.4,16.09
1153,1991-02-01,40.66,19.17,29.91
1154,1991-03-01,39.18,16.47,27.82
1155,1991-04-01,43.63,23.74,33.67
1156,1991-05-01,53.89,33.01,43.45
1157,1991-06-01,66.27,40.35,53.31
1158,1991-07-01,76.57,46.35,61.45
1159,1991-08-01,76.77,47.19,61.99
1160,1991-09-01,63.0,37.92,50.47
1161,1991-10-01,50.23,25.74,37.99
1162,1991-11-01,31.8,13.62,22.71
1163,1991-12-01,31.71,12.33,22.01
1164,1992-01-01,32.83,11.35,22.08
1165,1992-02-01,40.55,17.87,29.21
1166,1992-03-01,46.67,22.33,34.5
1167,1992-04-01,52.57,28.51,40.55
1168,1992-05-01,61.93,35.64,48.79
1169,1992-06-01,65.86,41.63,53.74
1170,1992-07-01,67.77,42.58,55.17
1171,1992-08-01,72.45,43.02,57.74
1172,1992-09-01,63.55,35.87,49.71
1173,1992-10-01,53.49,29.73,41.61
1174,1992-11-01,32.99,15.66,24.31
1175,1992-12-01,23.79,6.17,14.97
1176,1993-01-01,25.66,5.2,15.42
1177,1993-02-01,29.08,5.58,17.33
1178,1993-03-01,42.73,20.01,31.37
1179,1993-04-01,46.35,24.48,35.4
1180,1993-05-01,60.49,35.31,47.89
1181,1993-06-01,60.87,38.59,49.73
1182,1993-07-01,64.71,40.21,52.47
1183,1993-08-01,68.47,41.45,54.97
1184,1993-09-01,61.7,34.48,48.09
1185,1993-10-01,50.16,27.66,38.91
1186,1993-11-01,31.87,11.52,21.69
1187,1993-12-01,30.72,12.72,21.72
1188,1994-01-01,32.0,14.65,23.32
1189,1994-02-01,29.08,7.52,18.28
1190,1994-03-01,43.43,18.43,30.92
1191,1994-04-01,50.02,24.73,37.38
1192,1994-05-01,62.44,36.48,49.46
1193,1994-06-01,69.37,40.86,55.11
1194,1994-07-01,75.29,45.14,60.22
1195,1994-08-01,77.5,45.88,61.7
1196,1994-09-01,68.18,38.93,53.56
1197,1994-10-01,47.64,28.22,37.94
1198,1994-11-01,31.32,12.33,21.81
1199,1994-12-01,30.99,14.27,22.62
1200,1995-01-01,30.34,11.73,21.04
1201,1995-02-01,35.85,16.21,26.02
1202,1995-03-01,37.99,16.83,27.41
1203,1995-04-01,44.44,22.21,33.31
1204,1995-05-01,53.19,30.96,42.08
1205,1995-06-01,63.39,38.66,51.03
1206,1995-07-01,72.9,44.89,58.89
1207,1995-08-01,76.44,45.27,60.85
1208,1995-09-01,63.07,37.26,50.16
1209,1995-10-01,46.53,25.29,35.91
1210,1995-11-01,38.5,21.61,30.06
1211,1995-12-01,31.3,12.51,21.9
1212,1996-01-01,25.12,6.28,15.69
1213,1996-02-01,31.51,9.95,20.73
1214,1996-03-01,36.16,13.86,25.0
1215,1996-04-01,48.11,24.98,36.55
1216,1996-05-01,51.3,31.62,41.47
1217,1996-06-01,70.32,40.8,55.56
1218,1996-07-01,77.0,46.15,61.57
1219,1996-08-01,76.5,44.55,60.53
1220,1996-09-01,60.73,35.04,47.89
1221,1996-10-01,50.43,27.27,38.86
1222,1996-11-01,35.91,18.05,26.98
1223,1996-12-01,26.8,11.64,19.22
1224,1997-01-01,26.82,8.35,17.58
1225,1997-02-01,32.05,10.67,21.36
1226,1997-03-01,41.94,17.78,29.86
1227,1997-04-01,43.09,19.31,31.21
1228,1997-05-01,59.16,33.35,46.26
1229,1997-06-01,67.57,42.51,55.04
1230,1997-07-01,71.98,45.46,58.73
1231,1997-08-01,72.23,45.72,58.98
1232,1997-09-01,65.28,40.51,52.9
1233,1997-10-01,49.68,28.31,39.0
1234,1997-11-01,37.33,16.84,27.09
1235,1997-12-01,29.98,11.41,20.7
1236,1998-01-01,29.3,12.51,20.89
1237,1998-02-01,34.77,14.05,24.4
1238,1998-03-01,38.7,16.52,27.61
1239,1998-04-01,49.06,24.94,37.0
1240,1998-05-01,59.11,33.1,46.11
1241,1998-06-01,57.27,36.66,46.98
1242,1998-07-01,78.21,48.83,63.52
1243,1998-08-01,75.24,46.65,60.94
1244,1998-09-01,68.67,43.05,55.87
1245,1998-10-01,51.35,29.43,40.39
1246,1998-11-01,37.9,23.23,30.56
1247,1998-12-01,27.5,9.36,18.43
1248,1999-01-01,31.66,14.49,23.07
1249,1999-02-01,35.51,16.03,25.77
1250,1999-03-01,44.6,17.33,30.97
1251,1999-04-01,44.91,22.37,33.64
1252,1999-05-01,54.32,31.05,42.67
1253,1999-06-01,63.95,38.93,51.44
1254,1999-07-01,75.87,44.49,60.19
1255,1999-08-01,74.55,45.93,60.26
1256,1999-09-01,60.69,33.57,47.14
1257,1999-10-01,55.4,29.3,42.35
1258,1999-11-01,47.77,25.68,36.72
1259,1999-12-01,32.95,14.2,23.58
1260,2000-01-01,31.15,13.17,22.15
1261,2000-02-01,37.69,17.89,27.79
1262,2000-03-01,43.27,18.64,30.96
1263,2000-04-01,52.25,27.01,39.63
1264,2000-05-01,57.15,35.17,46.17
1265,2000-06-01,66.92,39.67,53.31
1266,2000-07-01,78.21,47.26,62.74
1267,2000-08-01,76.95,46.47,61.72
1268,2000-09-01,63.25,36.39,49.82
1269,2000-10-01,50.43,29.64,40.05
1270,2000-11-01,29.77,8.87,19.31
1271,2000-12-01,29.55,8.85,19.2
1272,2001-01-01,32.45,10.06,21.25
1273,2001-02-01,29.66,8.19,18.91
1274,2001-03-01,42.91,19.74,31.33
1275,2001-04-01,48.61,25.38,37.0
1276,2001-05-01,61.54,33.82,47.68
1277,2001-06-01,67.57,41.04,54.3
1278,2001-07-01,76.73,48.0,62.37
1279,2001-08-01,79.0,47.46,63.23
1280,2001-09-01,68.34,40.39,54.37
1281,2001-10-01,50.54,27.75,39.15
1282,2001-11-01,42.53,22.87,32.7
1283,2001-12-01,29.41,11.01,20.21
1284,2002-01-01,27.64,10.06,18.84
1285,2002-02-01,33.6,8.58,21.09
1286,2002-03-01,34.12,11.79,22.96
1287,2002-04-01,46.71,23.22,34.95
1288,2002-05-01,55.98,30.79,43.39
1289,2002-06-01,68.13,40.95,54.54
1290,2002-07-01,79.39,48.69,64.04
1291,2002-08-01,71.06,41.81,56.44
1292,2002-09-01,63.9,38.05,50.97
1293,2002-10-01,45.28,22.82,34.05
1294,2002-11-01,37.85,18.43,28.13
1295,2002-12-01,31.75,14.85,23.29
1296,2003-01-01,35.91,17.82,26.85
1297,2003-02-01,30.36,7.88,19.11
1298,2003-03-01,39.13,19.44,29.28
1299,2003-04-01,51.26,26.85,39.06
1300,2003-05-01,57.58,33.33,45.46
1301,2003-06-01,64.96,38.73,51.85
1302,2003-07-01,81.18,49.33,65.26
1303,2003-08-01,77.49,48.36,62.92
1304,2003-09-01,62.91,35.64,49.28
1305,2003-10-01,56.62,30.49,43.56
1306,2003-11-01,32.0,12.67,22.33
1307,2003-12-01,32.58,14.9,23.74
1308,2004-01-01,30.4,10.35,20.37
1309,2004-02-01,34.81,12.42,23.59
1310,2004-03-01,46.78,22.71,34.75
1311,2004-04-01,51.58,26.87,39.24
1312,2004-05-01,55.15,32.77,43.97
1313,2004-06-01,63.46,38.91,51.19
1314,2004-07-01,73.18,45.68,59.43
1315,2004-08-01,69.71,42.69,56.21
1316,2004-09-01,61.41,37.04,49.23
1317,2004-10-01,50.31,29.62,39.97
1318,2004-11-01,40.33,18.45,29.39
1319,2004-12-01,33.51,15.31,24.42
1320,2005-01-01,32.74,12.96,22.84
1321,2005-02-01,37.45,11.12,24.3
1322,2005-03-01,41.67,18.5,30.07
1323,2005-04-01,48.81,24.67,36.75
1324,2005-05-01,55.08,32.54,43.81
1325,2005-06-01,63.81,39.56,51.69
1326,2005-07-01,77.74,46.99,62.37
1327,2005-08-01,72.39,43.7,58.05
1328,2005-09-01,63.19,37.47,50.34
1329,2005-10-01,53.51,31.06,42.3
1330,2005-11-01,39.13,19.49,29.3
1331,2005-12-01,29.16,10.72,19.94
1332,2006-01-01,34.86,16.59,25.74
1333,2006-02-01,31.1,9.03,20.07
1334,2006-03-01,39.87,16.16,28.0
1335,2006-04-01,52.07,27.7,39.88
1336,2006-05-01,60.71,33.78,47.25
1337,2006-06-01,71.06,42.28,56.68
1338,2006-07-01,79.72,49.86,64.8
1339,2006-08-01,74.41,43.68,59.04
1340,2006-09-01,62.76,37.31,50.04
1341,2006-10-01,48.09,26.67,37.38
1342,2006-11-01,38.32,19.96,29.14
1343,2006-12-01,32.31,12.72,22.51
1344,2007-01-01,27.55,4.91,16.23
1345,2007-02-01,33.46,14.58,24.03
1346,2007-03-01,47.3,23.59,35.46
1347,2007-04-01,49.39,26.78,38.08
1348,2007-05-01,60.87,33.98,47.43
1349,2007-06-01,70.56,41.95,56.26
1350,2007-07-01,81.54,51.48,66.51
1351,2007-08-01,75.07,46.38,60.73
1352,2007-09-01,64.49,37.89,51.19
1353,2007-10-01,50.56,29.28,39.92
1354,2007-11-01,40.17,19.29,29.73
1355,2007-12-01,26.08,8.76,17.42
1356,2008-01-01,26.51,6.37,16.43
1357,2008-02-01,34.57,13.32,23.94
1358,2008-03-01,37.27,13.37,25.32
1359,2008-04-01,45.57,18.41,31.98
1360,2008-05-01,54.7,32.5,43.61
1361,2008-06-01,64.81,38.71,51.76
1362,2008-07-01,76.95,46.13,61.54
1363,2008-08-01,75.74,44.67,60.22
1364,2008-09-01,62.24,35.71,48.97
1365,2008-10-01,51.44,28.98,40.21
1366,2008-11-01,42.89,23.77,33.33
1367,2008-12-01,26.29,6.8,16.54
1368,2009-01-01,31.91,11.71,21.81
1369,2009-02-01,35.83,13.26,24.55
1370,2009-03-01,39.04,15.62,27.32
1371,2009-04-01,47.48,24.17,35.82
1372,2009-05-01,59.02,32.43,45.73
1373,2009-06-01,61.88,39.11,50.5
1374,2009-07-01,72.59,44.53,58.57
1375,2009-08-01,71.87,43.77,57.83
1376,2009-09-01,70.3,39.52,54.93
1377,2009-10-01,41.9,22.23,32.05
1378,2009-11-01,41.88,19.71,30.79
1379,2009-12-01,23.41,3.67,13.53
1380,2010-01-01,32.7,12.16,22.42
1381,2010-02-01,33.04,11.14,22.08
1382,2010-03-01,45.27,19.65,32.45
1383,2010-04-01,48.34,23.74,36.05
1384,2010-05-01,51.57,28.38,39.97
1385,2010-06-01,63.93,40.21,52.07
1386,2010-07-01,74.52,45.12,59.83
1387,2010-08-01,72.88,44.17,58.53
1388,2010-09-01,66.92,37.51,52.21
1389,2010-10-01,56.26,32.52,44.4
1390,2010-11-01,35.44,16.36,25.9
1391,2010-12-01,30.97,12.67,21.81
1392,2011-01-01,29.44,11.17,20.32
1393,2011-02-01,27.61,5.49,16.54
1394,2011-03-01,40.37,18.75,29.55
1395,2011-04-01,43.81,21.88,32.85
1396,2011-05-01,51.19,31.32,41.25
1397,2011-06-01,63.93,38.61,51.28
1398,2011-07-01,77.02,46.94,61.99
1399,2011-08-01,76.3,46.27,61.29
1400,2011-09-01,68.68,38.89,53.8
1401,2011-10-01,52.74,32.13,42.44
1402,2011-11-01,36.54,15.76,26.15
1403,2011-12-01,31.1,9.86,20.48
1404,2012-01-01,33.35,14.02,23.68
1405,2012-02-01,32.61,11.17,21.88
1406,2012-03-01,47.28,23.65,35.47
1407,2012-04-01,53.47,28.29,40.89
1408,2012-05-01,57.29,32.04,44.67
1409,2012-06-01,70.43,40.77,55.6
1410,2012-07-01,79.32,49.19,64.26
1411,2012-08-01,76.96,45.99,61.48
1412,2012-09-01,68.72,39.11,53.92
1413,2012-10-01,49.14,27.45,38.3
1414,2012-11-01,41.11,22.14,31.62
1415,2012-12-01,29.64,10.87,20.25
1416,2013-01-01,30.06,9.86,19.96
1417,2013-02-01,32.34,11.59,21.96
1418,2013-03-01,41.47,16.07,28.76
1419,2013-04-01,44.55,20.23,32.4
1420,2013-05-01,57.92,35.33,46.63
1421,2013-06-01,68.94,41.27,55.11
1422,2013-07-01,77.85,48.47,63.16
1423,2013-08-01,76.8,47.84,62.33
1424,2013-09-01,63.37,41.97,52.68
1425,2013-10-01,46.69,26.01,36.36
1426,2013-11-01,39.58,19.53,29.55
1427,2013-12-01,26.49,7.79,17.13
1428,2014-01-01,32.83,12.16,22.5
1429,2014-02-01,26.83,6.71,16.75
1430,2014-03-01,40.44,18.28,29.37
1431,2014-04-01,48.67,24.42,36.55
1432,2014-05-01,59.67,34.36,47.01
1433,2014-06-01,63.41,39.33,51.39
1434,2014-07-01,76.75,47.43,62.1
1435,2014-08-01,69.78,45.86,57.83
1436,2014-09-01,64.24,38.86,51.55
1437,2014-10-01,56.16,32.25,44.2
1438,2014-11-01,34.84,14.45,24.64
1439,2014-12-01,32.0,14.9,23.45
1440,2015-01-01,35.71,15.24,25.47
1441,2015-02-01,38.01,16.47,27.23
1442,2015-03-01,48.49,22.62,35.56
1443,2015-04-01,50.52,25.56,38.05
1444,2015-05-01,54.77,34.84,44.82
1445,2015-06-01,72.91,45.48,59.2
1446,2015-07-01,72.41,45.72,59.07
1447,2015-08-01,73.6,45.1,59.36
1448,2015-09-01,68.74,40.78,54.77
1449,2015-10-01,56.48,34.81,45.66
1450,2015-11-01,35.55,16.38,25.95
1451,2015-12-01,29.86,11.3,20.57
1452,2016-01-01,33.01,15.22,24.12
1453,2016-02-01,40.1,19.09,29.61
1454,2016-03-01,43.54,20.62,32.07
1455,2016-04-01,51.85,29.43,40.64
1456,2016-05-01,56.89,34.41,45.66
1457,2016-06-01,73.9,43.93,58.93
1458,2016-07-01,75.72,46.02,60.87
1459,2016-08-01,74.39,44.64,59.52
1460,2016-09-01,62.89,39.09,50.99
1461,2016-10-01,51.73,32.76,42.24
1462,2016-11-01,45.45,25.21,35.33
1463,2016-12-01,24.67,4.53,14.59
1464,2017-01-01,26.4,5.27,15.84
1465,2017-02-01,35.42,16.11,25.75
1466,2017-03-01,45.88,26.44,36.16
1467,2017-04-01,48.74,26.29,37.53
1468,2017-05-01,59.52,33.46,46.49
1469,2017-06-01,67.77,41.65,54.72
1470,2017-07-01,79.21,48.67,63.93
1471,2017-08-01,73.51,45.27,59.4
1472,2017-09-01,61.95,38.12,50.04
1473,2017-10-01,49.71,26.78,38.25
1474,2017-11-01,39.79,21.43,30.61
1475,2017-12-01,31.46,12.85,22.15
1476,2018-01-01,34.16,15.44,24.8
1477,2018-02-01,27.19,6.4,16.79
1478,2018-03-01,40.91,18.19,29.55
1479,2018-04-01,48.54,24.15,36.36
1480,2018-05-01,61.12,37.44,49.28
1481,2018-06-01,66.83,41.41,54.12
1482,2018-07-01,77.11,47.35,62.24
1483,2018-08-01,73.08,44.55,58.82
1484,2018-09-01,66.27,37.4,51.84
1485,2018-10-01,49.48,28.06,38.77
1486,2018-11-01,36.59,16.84,26.73
1487,2018-12-01,30.33,10.96,20.64
